,User_Id,Device,Region,Revenue,Channel,mean_cost,costs
0,0,0,1,4.99,1,180.25333333333333,113.3
1,1,3,1,4.99,6,267.6878205128205,78.1
2,2,1,1,4.99,6,267.6878205128205,85.8
3,3,2,2,5.99,7,28.616666666666667,136.4
4,4,3,1,9.99,6,267.6878205128205,122.1
5,5,3,1,4.99,6,267.6878205128205,118.8
6,6,1,1,19.99,1,180.25333333333333,101.2
7,7,3,1,4.99,1,180.25333333333333,100.1
8,8,0,1,4.99,1,180.25333333333333,93.5
9,9,0,0,4.99,0,21.729166666666668,104.5
10,10,3,1,4.99,1,180.25333333333333,132.0
11,11,1,1,4.99,6,267.6878205128205,100.1
13,12,3,1,4.99,5,10.183333333333334,92.4
14,13,0,2,4.99,0,21.729166666666668,100.1
15,14,3,1,4.99,5,10.183333333333334,110.0
16,15,0,1,4.99,1,180.25333333333333,101.2
17,16,0,1,4.99,1,180.25333333333333,117.7
18,17,3,1,4.99,1,180.25333333333333,128.7
19,18,2,3,4.99,2,9.986666666666666,99.0
20,19,3,1,4.99,1,180.25333333333333,88.0
24,20,3,1,4.99,5,10.183333333333334,99.0
25,21,3,1,4.99,1,180.25333333333333,140.8
26,22,1,1,4.99,1,180.25333333333333,91.3
27,23,1,1,4.99,6,267.6878205128205,107.8
28,24,3,0,4.99,0,21.729166666666668,169.4
30,25,3,1,4.99,1,180.25333333333333,213.4
31,26,2,0,4.99,0,21.729166666666668,214.5
32,27,1,1,4.99,1,180.25333333333333,234.3
33,28,1,1,4.99,1,180.25333333333333,159.5
34,29,2,2,4.99,0,21.729166666666668,147.4
35,30,0,1,4.99,3,5.302666666666667,138.6
36,31,1,1,4.99,1,180.25333333333333,143.0
37,32,2,2,4.99,7,28.616666666666667,193.6
38,33,1,1,4.99,1,180.25333333333333,135.3
40,34,2,0,4.99,2,9.986666666666666,135.3
41,35,0,1,4.99,1,180.25333333333333,124.3
42,36,1,1,4.99,1,180.25333333333333,118.8
43,37,1,1,4.99,6,267.6878205128205,114.4
44,38,0,0,4.99,0,21.729166666666668,163.9
45,39,2,1,4.99,1,180.25333333333333,176.0
46,40,3,1,4.99,3,5.302666666666667,210.1
47,41,2,1,4.99,1,180.25333333333333,158.4
48,42,0,1,4.99,1,180.25333333333333,140.8
49,43,0,1,4.99,1,180.25333333333333,144.1
50,44,0,1,4.99,1,180.25333333333333,171.6
51,45,0,1,4.99,1,180.25333333333333,174.9
52,46,3,1,4.99,1,180.25333333333333,258.5
54,47,1,1,4.99,6,267.6878205128205,237.6
56,48,3,3,4.99,7,28.616666666666667,210.1
57,49,0,1,4.99,1,180.25333333333333,227.7
58,50,0,1,4.99,1,180.25333333333333,235.4
59,51,0,1,9.99,1,180.25333333333333,255.2
60,52,1,1,4.99,1,180.25333333333333,264.0
61,53,3,1,4.99,1,180.25333333333333,242.0
63,54,3,1,4.99,1,180.25333333333333,193.6
64,55,1,1,4.99,1,180.25333333333333,204.6
65,56,3,1,4.99,1,180.25333333333333,240.9
66,57,1,1,4.99,1,180.25333333333333,227.7
67,58,1,2,4.99,4,11.95138888888889,194.7
68,59,0,1,4.99,6,267.6878205128205,179.3
69,60,0,1,4.99,5,10.183333333333334,168.3
70,61,1,1,5.99,6,267.6878205128205,156.2
71,62,3,1,5.99,5,10.183333333333334,144.1
72,63,1,1,4.99,6,267.6878205128205,159.5
73,64,1,1,4.99,1,180.25333333333333,134.2
74,65,3,1,4.99,1,180.25333333333333,182.6
75,66,0,0,4.99,7,28.616666666666667,160.6
76,67,3,1,4.99,6,267.6878205128205,123.2
77,68,0,1,5.99,6,267.6878205128205,90.2
78,69,3,1,4.99,6,267.6878205128205,108.9
79,70,1,1,4.99,1,180.25333333333333,145.2
80,71,3,1,4.99,1,180.25333333333333,189.2
82,72,0,1,4.99,1,180.25333333333333,141.9
83,73,0,0,5.99,7,28.616666666666667,136.4
84,74,1,1,4.99,1,180.25333333333333,128.7
87,75,0,1,4.99,1,180.25333333333333,204.6
88,76,3,1,4.99,6,267.6878205128205,206.8
89,77,3,1,4.99,6,267.6878205128205,198.0
90,78,0,1,4.99,8,5.245666666666667,167.2
91,79,3,1,4.99,1,180.25333333333333,161.7
93,80,3,1,5.99,6,267.6878205128205,218.9
94,81,1,1,4.99,1,180.25333333333333,261.8
95,82,0,0,4.99,2,9.986666666666666,216.7
96,83,0,3,4.99,0,21.729166666666668,229.9
97,84,2,3,4.99,4,11.95138888888889,159.5
98,85,0,1,4.99,1,180.25333333333333,155.1
99,86,3,1,4.99,1,180.25333333333333,159.5
100,87,3,1,4.99,6,267.6878205128205,188.1
101,88,3,1,4.99,5,10.183333333333334,205.7
102,89,0,0,4.99,0,21.729166666666668,192.5
103,90,3,1,4.99,1,180.25333333333333,206.8
104,91,3,1,4.99,6,267.6878205128205,161.7
105,92,3,1,4.99,5,10.183333333333334,152.9
106,93,3,1,4.99,6,267.6878205128205,206.8
108,94,2,1,5.99,6,267.6878205128205,264.0
109,95,1,1,4.99,6,267.6878205128205,234.3
110,96,3,1,4.99,1,180.25333333333333,228.8
112,97,3,1,4.99,1,180.25333333333333,194.7
113,98,1,1,4.99,1,180.25333333333333,169.4
114,99,2,1,4.99,1,180.25333333333333,225.5
115,100,0,3,4.99,2,9.986666666666666,229.9
116,101,3,1,4.99,5,10.183333333333334,203.5
118,102,3,1,4.99,1,180.25333333333333,216.7
119,103,3,1,4.99,3,5.302666666666667,191.4
120,104,0,1,9.99,6,267.6878205128205,211.2
121,105,3,1,4.99,1,180.25333333333333,203.5
122,106,1,1,4.99,6,267.6878205128205,207.9
123,107,0,1,4.99,1,180.25333333333333,221.1
124,108,2,2,9.99,7,28.616666666666667,183.7
125,109,3,1,4.99,6,267.6878205128205,161.7
126,110,0,3,4.99,0,21.729166666666668,148.5
127,111,2,3,4.99,0,21.729166666666668,170.5
128,112,3,1,4.99,1,180.25333333333333,167.2
129,113,0,1,4.99,1,180.25333333333333,176.0
130,114,0,1,4.99,1,180.25333333333333,144.1
131,115,3,1,4.99,1,180.25333333333333,135.3
132,116,3,1,4.99,1,180.25333333333333,176.0
133,117,3,1,4.99,1,180.25333333333333,158.4
134,118,1,1,9.99,1,180.25333333333333,128.7
135,119,1,1,19.99,1,180.25333333333333,156.2
136,120,3,0,4.99,0,21.729166666666668,198.0
137,121,3,1,4.99,6,267.6878205128205,195.8
138,122,2,0,4.99,0,21.729166666666668,173.8
139,123,1,1,4.99,1,180.25333333333333,167.2
141,124,3,2,4.99,7,28.616666666666667,178.2
142,125,3,1,4.99,1,180.25333333333333,240.9
143,126,3,1,4.99,8,5.245666666666667,248.6
145,127,3,1,4.99,1,180.25333333333333,236.5
148,128,0,1,4.99,6,267.6878205128205,248.6
149,129,1,1,4.99,6,267.6878205128205,294.8
151,130,1,1,4.99,6,267.6878205128205,290.4
153,131,0,1,4.99,1,180.25333333333333,258.5
154,132,3,1,4.99,1,180.25333333333333,259.6
155,133,0,1,4.99,1,180.25333333333333,222.2
156,134,3,0,4.99,0,21.729166666666668,262.9
157,135,1,1,4.99,1,180.25333333333333,258.5
158,136,0,1,19.99,6,267.6878205128205,238.7
159,137,3,1,4.99,1,180.25333333333333,210.1
161,138,3,1,4.99,1,180.25333333333333,172.7
162,139,0,1,4.99,1,180.25333333333333,176.0
163,140,2,1,4.99,1,180.25333333333333,235.4
164,141,1,1,4.99,1,180.25333333333333,216.7
165,142,1,1,4.99,3,5.302666666666667,180.4
167,143,0,1,4.99,1,180.25333333333333,163.9
168,144,3,1,4.99,1,180.25333333333333,154.0
169,145,1,1,4.99,1,180.25333333333333,158.4
170,146,3,1,5.99,1,180.25333333333333,200.2
171,147,3,0,4.99,7,28.616666666666667,216.7
174,148,0,3,4.99,0,21.729166666666668,189.2
179,149,1,1,4.99,6,267.6878205128205,233.2
180,150,3,1,4.99,1,180.25333333333333,6.24
181,151,3,1,4.99,6,267.6878205128205,5.04
182,152,0,1,4.99,6,267.6878205128205,6.96
183,153,1,1,4.99,1,180.25333333333333,9.36
184,154,1,1,4.99,1,180.25333333333333,11.04
185,155,1,1,4.99,1,180.25333333333333,9.6
186,156,2,2,4.99,2,9.986666666666666,8.88
187,157,3,1,4.99,1,180.25333333333333,6.72
188,158,0,0,4.99,0,21.729166666666668,6.72
189,159,3,1,4.99,1,180.25333333333333,8.64
190,160,1,1,9.99,1,180.25333333333333,11.52
191,161,2,1,4.99,6,267.6878205128205,9.6
192,162,3,1,4.99,5,10.183333333333334,8.88
193,163,2,3,4.99,0,21.729166666666668,7.2
194,164,1,1,4.99,6,267.6878205128205,7.2
195,165,3,1,4.99,1,180.25333333333333,11.28
196,166,0,1,4.99,8,5.245666666666667,7.2
197,167,0,1,4.99,6,267.6878205128205,8.64
199,168,3,2,4.99,4,11.95138888888889,8.4
200,169,3,3,4.99,0,21.729166666666668,6.48
201,170,1,1,4.99,6,267.6878205128205,8.16
203,171,0,1,4.99,1,180.25333333333333,5.76
204,172,2,1,4.99,1,180.25333333333333,7.92
205,173,1,1,4.99,5,10.183333333333334,6.72
207,174,3,1,4.99,1,180.25333333333333,6.72
208,175,1,1,4.99,1,180.25333333333333,5.52
209,176,1,1,9.99,6,267.6878205128205,3.84
210,177,2,2,4.99,0,21.729166666666668,5.76
212,178,0,2,4.99,0,21.729166666666668,3.6
213,179,0,1,4.99,1,180.25333333333333,4.32
214,180,3,1,4.99,1,180.25333333333333,4.32
215,181,3,1,4.99,1,180.25333333333333,2.64
216,182,3,1,4.99,6,267.6878205128205,3.84
217,183,3,1,4.99,6,267.6878205128205,5.52
218,184,0,0,4.99,7,28.616666666666667,3.6
221,185,3,1,4.99,6,267.6878205128205,2.64
222,186,3,1,4.99,1,180.25333333333333,3.36
223,187,3,1,4.99,5,10.183333333333334,4.08
224,188,0,1,4.99,6,267.6878205128205,5.04
225,189,0,1,4.99,1,180.25333333333333,3.84
226,190,0,1,4.99,1,180.25333333333333,5.28
228,191,1,1,4.99,1,180.25333333333333,3.12
229,192,2,1,4.99,1,180.25333333333333,3.12
230,193,3,1,5.99,6,267.6878205128205,3.6
231,194,3,1,4.99,1,180.25333333333333,4.08
232,195,3,1,4.99,1,180.25333333333333,5.76
234,196,1,1,4.99,1,180.25333333333333,6.0
235,197,2,1,4.99,1,180.25333333333333,5.28
236,198,2,3,4.99,9,8.653333333333332,5.28
237,199,1,1,4.99,1,180.25333333333333,6.24
238,200,3,1,4.99,1,180.25333333333333,6.96
240,201,2,2,4.99,4,11.95138888888889,5.28
241,202,1,1,4.99,5,10.183333333333334,6.48
242,203,3,1,4.99,1,180.25333333333333,6.24
243,204,1,0,4.99,7,28.616666666666667,7.44
244,205,2,1,4.99,6,267.6878205128205,6.72
245,206,3,1,4.99,6,267.6878205128205,6.48
246,207,3,1,4.99,6,267.6878205128205,6.0
247,208,3,1,4.99,6,267.6878205128205,4.08
248,209,3,1,4.99,1,180.25333333333333,4.08
249,210,0,3,4.99,7,28.616666666666667,4.32
250,211,0,1,4.99,5,10.183333333333334,3.6
251,212,1,1,4.99,1,180.25333333333333,5.28
252,213,0,1,4.99,1,180.25333333333333,4.8
253,214,3,1,4.99,1,180.25333333333333,4.8
254,215,2,0,4.99,2,9.986666666666666,1.92
255,216,3,1,4.99,1,180.25333333333333,6.0
256,217,3,1,4.99,1,180.25333333333333,1.92
257,218,3,1,4.99,6,267.6878205128205,4.32
258,219,1,1,4.99,1,180.25333333333333,2.4
259,220,0,1,4.99,1,180.25333333333333,2.88
260,221,1,1,4.99,1,180.25333333333333,3.36
261,222,0,1,4.99,1,180.25333333333333,5.52
262,223,1,1,4.99,1,180.25333333333333,3.12
263,224,3,1,4.99,1,180.25333333333333,3.84
264,225,2,3,4.99,0,21.729166666666668,2.88
265,226,0,1,4.99,1,180.25333333333333,4.08
266,227,3,1,4.99,1,180.25333333333333,3.84
267,228,1,1,4.99,1,180.25333333333333,3.12
268,229,3,1,4.99,6,267.6878205128205,4.32
269,230,3,1,4.99,1,180.25333333333333,6.24
270,231,1,1,4.99,1,180.25333333333333,3.84
272,232,3,1,5.99,6,267.6878205128205,6.0
273,233,3,1,4.99,6,267.6878205128205,2.64
274,234,1,3,4.99,0,21.729166666666668,4.8
275,235,3,1,4.99,6,267.6878205128205,6.96
276,236,0,1,4.99,5,10.183333333333334,4.8
277,237,0,3,4.99,2,9.986666666666666,4.08
278,238,0,1,4.99,1,180.25333333333333,3.6
279,239,0,3,4.99,0,21.729166666666668,3.6
280,240,2,1,4.99,5,10.183333333333334,5.28
281,241,2,3,4.99,4,11.95138888888889,3.84
282,242,3,1,4.99,6,267.6878205128205,3.84
283,243,3,1,4.99,5,10.183333333333334,6.0
285,244,0,1,4.99,1,180.25333333333333,5.52
286,245,1,1,4.99,1,180.25333333333333,4.8
287,246,1,1,4.99,1,180.25333333333333,4.08
288,247,2,0,4.99,7,28.616666666666667,8.16
289,248,0,0,5.99,7,28.616666666666667,6.72
290,249,3,1,4.99,1,180.25333333333333,5.52
291,250,3,2,4.99,9,8.653333333333332,4.32
292,251,0,1,4.99,8,5.245666666666667,5.28
293,252,0,2,4.99,7,28.616666666666667,3.6
294,253,0,2,4.99,4,11.95138888888889,5.28
295,254,3,1,9.99,6,267.6878205128205,5.52
296,255,0,1,4.99,1,180.25333333333333,5.76
297,256,3,1,4.99,1,180.25333333333333,4.8
298,257,3,1,4.99,1,180.25333333333333,5.28
299,258,3,1,4.99,1,180.25333333333333,7.2
300,259,0,1,4.99,1,180.25333333333333,4.8
301,260,2,2,4.99,2,9.986666666666666,3.36
302,261,2,1,4.99,1,180.25333333333333,3.6
303,262,3,1,4.99,1,180.25333333333333,4.8
304,263,1,2,4.99,0,21.729166666666668,5.04
305,264,2,0,4.99,7,28.616666666666667,2.88
306,265,1,1,4.99,6,267.6878205128205,3.36
307,266,3,1,4.99,6,267.6878205128205,4.32
308,267,3,1,4.99,5,10.183333333333334,5.52
309,268,2,1,4.99,3,5.302666666666667,5.04
310,269,1,0,4.99,4,11.95138888888889,4.08
311,270,2,0,4.99,7,28.616666666666667,2.88
312,271,0,2,19.99,4,11.95138888888889,3.36
313,272,1,1,4.99,1,180.25333333333333,2.16
314,273,3,1,4.99,1,180.25333333333333,1.92
315,274,1,1,4.99,1,180.25333333333333,4.8
316,275,2,1,4.99,1,180.25333333333333,5.76
317,276,0,1,4.99,8,5.245666666666667,5.04
318,277,3,1,4.99,1,180.25333333333333,2.16
319,278,2,1,5.99,6,267.6878205128205,3.6
320,279,2,0,4.99,9,8.653333333333332,3.84
321,280,2,3,4.99,0,21.729166666666668,3.6
322,281,0,1,4.99,1,180.25333333333333,6.24
323,282,0,1,4.99,6,267.6878205128205,6.48
324,283,0,1,4.99,5,10.183333333333334,4.32
325,284,0,1,5.99,6,267.6878205128205,4.8
327,285,2,2,4.99,7,28.616666666666667,6.72
328,286,0,1,4.99,1,180.25333333333333,5.04
329,287,3,1,4.99,6,267.6878205128205,6.48
330,288,3,1,4.99,6,267.6878205128205,8.64
331,289,0,1,4.99,5,10.183333333333334,9.84
332,290,1,1,4.99,1,180.25333333333333,5.28
333,291,1,1,5.99,6,267.6878205128205,6.0
334,292,3,1,4.99,1,180.25333333333333,6.72
335,293,3,1,4.99,1,180.25333333333333,7.68
336,294,3,1,4.99,1,180.25333333333333,6.96
338,295,0,1,5.99,6,267.6878205128205,3.84
339,296,2,3,4.99,2,9.986666666666666,4.56
340,297,0,1,9.99,6,267.6878205128205,3.6
341,298,3,1,4.99,1,180.25333333333333,5.52
342,299,2,0,4.99,4,11.95138888888889,5.76
346,300,1,1,4.99,1,180.25333333333333,5.76
347,301,1,1,4.99,5,10.183333333333334,3.36
348,302,3,1,4.99,1,180.25333333333333,4.56
349,303,3,1,4.99,6,267.6878205128205,3.36
350,304,3,1,4.99,6,267.6878205128205,4.32
351,305,3,1,4.99,1,180.25333333333333,3.36
353,306,3,1,4.99,1,180.25333333333333,6.24
354,307,3,1,4.99,6,267.6878205128205,3.36
355,308,0,1,9.99,6,267.6878205128205,5.28
356,309,3,1,4.99,6,267.6878205128205,5.04
357,310,0,2,4.99,0,21.729166666666668,6.24
358,311,3,1,5.99,6,267.6878205128205,6.72
359,312,3,1,4.99,6,267.6878205128205,4.56
360,313,2,2,4.99,7,28.616666666666667,21.06
361,314,2,0,4.99,7,28.616666666666667,16.965
362,315,3,1,4.99,6,267.6878205128205,16.38
363,316,2,1,4.99,1,180.25333333333333,17.55
365,317,2,0,4.99,7,28.616666666666667,21.645
366,318,3,1,4.99,1,180.25333333333333,18.72
367,319,2,0,4.99,9,8.653333333333332,18.135
368,320,3,1,4.99,6,267.6878205128205,18.72
369,321,2,2,4.99,0,21.729166666666668,22.23
370,322,2,2,4.99,0,21.729166666666668,18.72
372,323,3,1,4.99,1,180.25333333333333,17.55
373,324,3,1,4.99,6,267.6878205128205,18.135
374,325,3,1,4.99,5,10.183333333333334,15.21
375,326,1,1,4.99,1,180.25333333333333,19.89
376,327,3,1,4.99,1,180.25333333333333,19.89
377,328,1,1,4.99,1,180.25333333333333,22.815
378,329,0,1,4.99,6,267.6878205128205,24.57
379,330,0,0,4.99,7,28.616666666666667,16.965
380,331,3,1,5.99,6,267.6878205128205,17.55
381,332,2,0,4.99,2,9.986666666666666,20.475
383,333,3,1,4.99,1,180.25333333333333,16.965
384,334,1,1,4.99,1,180.25333333333333,23.4
385,335,3,1,4.99,1,180.25333333333333,18.72
386,336,1,1,4.99,1,180.25333333333333,18.135
387,337,3,1,4.99,1,180.25333333333333,16.38
388,338,0,1,4.99,1,180.25333333333333,12.285
390,339,3,1,4.99,1,180.25333333333333,11.7
391,340,0,1,4.99,1,180.25333333333333,14.625
392,341,3,3,4.99,4,11.95138888888889,12.87
393,342,0,3,4.99,2,9.986666666666666,9.945
394,343,1,1,4.99,1,180.25333333333333,6.435
395,344,3,1,4.99,1,180.25333333333333,11.115
396,345,3,1,4.99,1,180.25333333333333,8.775
397,346,1,1,5.99,6,267.6878205128205,12.87
398,347,0,1,4.99,1,180.25333333333333,10.53
399,348,2,1,4.99,1,180.25333333333333,16.38
400,349,0,0,4.99,7,28.616666666666667,12.285
402,350,2,0,4.99,0,21.729166666666668,7.02
403,351,1,1,4.99,1,180.25333333333333,6.435
404,352,3,1,4.99,1,180.25333333333333,8.19
405,353,3,1,4.99,1,180.25333333333333,9.945
406,354,3,1,4.99,6,267.6878205128205,13.455
407,355,1,1,4.99,1,180.25333333333333,8.19
409,356,3,1,4.99,1,180.25333333333333,7.605
410,357,1,1,4.99,8,5.245666666666667,9.36
412,358,0,1,4.99,1,180.25333333333333,18.72
413,359,1,1,4.99,1,180.25333333333333,15.795
414,360,0,1,4.99,1,180.25333333333333,12.285
415,361,0,1,4.99,1,180.25333333333333,9.555
416,362,3,1,4.99,1,180.25333333333333,12.74
417,363,3,1,4.99,1,180.25333333333333,12.285
418,364,2,1,4.99,1,180.25333333333333,10.465
420,365,1,1,4.99,1,180.25333333333333,14.105
421,366,3,1,4.99,1,180.25333333333333,9.1
422,367,1,1,4.99,1,180.25333333333333,13.195
423,368,3,1,4.99,6,267.6878205128205,10.92
425,369,0,1,4.99,1,180.25333333333333,15.47
426,370,1,1,5.99,6,267.6878205128205,9.1
427,371,0,2,4.99,7,28.616666666666667,8.645
428,372,0,1,4.99,6,267.6878205128205,7.28
429,373,0,1,4.99,1,180.25333333333333,7.735
430,374,3,1,4.99,6,267.6878205128205,10.465
431,375,3,3,4.99,0,21.729166666666668,8.19
433,376,3,1,4.99,1,180.25333333333333,7.28
434,377,1,1,4.99,1,180.25333333333333,8.645
435,378,1,1,4.99,1,180.25333333333333,4.095
436,379,3,1,4.99,1,180.25333333333333,5.46
437,380,3,1,4.99,1,180.25333333333333,5.915
440,381,3,1,19.99,5,10.183333333333334,10.01
441,382,1,1,4.99,6,267.6878205128205,5.46
442,383,3,1,4.99,1,180.25333333333333,9.1
443,384,0,1,4.99,6,267.6878205128205,7.735
444,385,1,1,4.99,1,180.25333333333333,7.28
445,386,0,1,4.99,6,267.6878205128205,4.55
446,387,3,1,4.99,1,180.25333333333333,7.28
447,388,3,1,4.99,1,180.25333333333333,9.555
448,389,3,2,4.99,0,21.729166666666668,9.1
449,390,3,1,4.99,5,10.183333333333334,10.01
450,391,1,1,4.99,1,180.25333333333333,7.28
451,392,3,1,4.99,6,267.6878205128205,7.28
452,393,3,1,4.99,5,10.183333333333334,6.37
453,394,2,0,4.99,9,8.653333333333332,7.28
455,395,2,1,4.99,1,180.25333333333333,10.465
456,396,3,1,4.99,1,180.25333333333333,14.56
461,397,0,2,4.99,9,8.653333333333332,12.285
462,398,2,0,4.99,4,11.95138888888889,7.28
463,399,1,1,4.99,1,180.25333333333333,5.915
464,400,3,1,4.99,1,180.25333333333333,8.645
465,401,3,1,4.99,6,267.6878205128205,8.19
467,402,1,3,4.99,7,28.616666666666667,10.01
468,403,3,1,4.99,1,180.25333333333333,6.825
469,404,2,2,4.99,0,21.729166666666668,11.05
470,405,2,3,5.99,0,21.729166666666668,6.5
471,406,1,1,4.99,5,10.183333333333334,6.175
473,407,3,1,4.99,1,180.25333333333333,7.475
474,408,0,1,4.99,8,5.245666666666667,3.9
475,409,2,3,4.99,0,21.729166666666668,6.825
476,410,3,1,4.99,6,267.6878205128205,5.85
477,411,0,2,4.99,2,9.986666666666666,8.775
479,412,0,0,4.99,2,9.986666666666666,7.475
480,413,3,1,4.99,5,10.183333333333334,5.85
482,414,0,1,4.99,1,180.25333333333333,7.8
483,415,1,1,4.99,1,180.25333333333333,7.475
484,416,0,3,5.99,2,9.986666666666666,6.175
486,417,1,1,4.99,1,180.25333333333333,5.525
487,418,3,1,4.99,6,267.6878205128205,5.525
488,419,3,1,4.99,6,267.6878205128205,4.55
489,420,3,1,4.99,1,180.25333333333333,6.175
490,421,2,1,4.99,8,5.245666666666667,7.15
491,422,1,0,19.99,9,8.653333333333332,4.225
492,423,3,1,4.99,1,180.25333333333333,6.175
493,424,1,1,4.99,1,180.25333333333333,4.225
494,425,3,1,4.99,1,180.25333333333333,4.225
495,426,1,1,4.99,1,180.25333333333333,6.175
496,427,2,1,4.99,6,267.6878205128205,8.45
497,428,3,1,4.99,5,10.183333333333334,7.475
498,429,1,1,4.99,1,180.25333333333333,6.175
499,430,0,1,4.99,1,180.25333333333333,7.475
500,431,1,1,4.99,6,267.6878205128205,8.775
501,432,1,1,4.99,6,267.6878205128205,8.45
502,433,0,1,4.99,1,180.25333333333333,8.125
503,434,3,1,4.99,6,267.6878205128205,7.8
504,435,3,1,4.99,6,267.6878205128205,9.425
505,436,0,1,4.99,1,180.25333333333333,10.4
507,437,2,1,4.99,1,180.25333333333333,7.8
508,438,0,1,4.99,6,267.6878205128205,7.475
509,439,3,1,4.99,1,180.25333333333333,6.5
510,440,1,1,4.99,6,267.6878205128205,11.375
511,441,3,1,4.99,1,180.25333333333333,10.4
512,442,2,3,4.99,0,21.729166666666668,9.425
513,443,0,3,4.99,0,21.729166666666668,10.075
514,444,3,1,4.99,8,5.245666666666667,7.8
516,445,0,1,4.99,6,267.6878205128205,10.4
517,446,3,1,4.99,5,10.183333333333334,11.7
519,447,0,1,4.99,6,267.6878205128205,8.45
521,448,3,1,4.99,1,180.25333333333333,7.8
523,449,3,1,4.99,1,180.25333333333333,7.475
524,450,0,1,4.99,5,10.183333333333334,6.5
525,451,3,1,4.99,1,180.25333333333333,5.525
526,452,0,1,9.99,1,180.25333333333333,6.5
527,453,1,1,4.99,6,267.6878205128205,5.525
528,454,3,1,4.99,1,180.25333333333333,2.925
529,455,0,1,4.99,6,267.6878205128205,8.45
531,456,0,1,4.99,1,180.25333333333333,8.125
532,457,2,1,4.99,1,180.25333333333333,7.8
533,458,0,1,5.99,6,267.6878205128205,11.05
534,459,2,2,4.99,4,11.95138888888889,6.5
535,460,3,1,4.99,6,267.6878205128205,5.525
536,461,2,3,5.99,4,11.95138888888889,5.85
537,462,3,1,4.99,1,180.25333333333333,7.15
538,463,0,3,4.99,2,9.986666666666666,4.55
539,464,3,1,4.99,6,267.6878205128205,10.075
540,465,0,1,4.99,6,267.6878205128205,80.0
542,466,1,1,5.99,1,180.25333333333333,64.0
543,467,1,1,4.99,6,267.6878205128205,70.0
544,468,1,1,4.99,1,180.25333333333333,78.0
545,536,1,1,4.99,6,267.6878205128205,78.0
546,469,3,1,4.99,1,180.25333333333333,77.0
547,470,3,1,4.99,1,180.25333333333333,57.0
548,471,1,1,4.99,5,10.183333333333334,46.0
549,472,3,1,4.99,6,267.6878205128205,74.0
550,473,3,1,4.99,6,267.6878205128205,82.0
551,474,3,2,4.99,7,28.616666666666667,56.0
552,475,1,1,4.99,1,180.25333333333333,84.0
553,476,3,2,4.99,0,21.729166666666668,60.0
554,477,3,1,4.99,1,180.25333333333333,49.0
555,478,0,1,4.99,6,267.6878205128205,59.0
556,479,0,1,4.99,1,180.25333333333333,61.0
557,480,3,1,4.99,1,180.25333333333333,83.0
558,481,0,1,4.99,1,180.25333333333333,58.0
559,482,3,2,4.99,4,11.95138888888889,110.2
560,483,3,1,4.99,6,267.6878205128205,96.9
561,484,1,1,4.99,8,5.245666666666667,104.5
562,485,1,1,4.99,6,267.6878205128205,129.2
564,486,3,1,4.99,1,180.25333333333333,115.9
565,487,2,1,4.99,6,267.6878205128205,142.5
566,488,1,1,4.99,6,267.6878205128205,131.1
567,489,2,1,5.99,6,267.6878205128205,159.6
568,490,1,1,4.99,1,180.25333333333333,212.8
569,491,3,1,4.99,6,267.6878205128205,153.9
570,492,1,1,4.99,1,180.25333333333333,250.8
571,493,2,2,4.99,0,21.729166666666668,283.1
572,494,1,1,4.99,1,180.25333333333333,229.9
573,495,3,0,9.99,2,9.986666666666666,176.7
576,496,3,2,4.99,4,11.95138888888889,155.8
577,497,3,1,4.99,1,180.25333333333333,195.7
578,498,3,1,4.99,6,267.6878205128205,178.6
579,499,0,1,5.99,6,267.6878205128205,178.6
580,500,0,1,4.99,6,267.6878205128205,133.0
581,501,3,1,4.99,1,180.25333333333333,146.3
583,502,1,1,4.99,1,180.25333333333333,127.3
584,503,0,3,4.99,7,28.616666666666667,163.4
586,504,3,2,4.99,9,8.653333333333332,210.9
587,505,0,1,4.99,5,10.183333333333334,178.6
588,506,2,2,4.99,7,28.616666666666667,172.9
589,507,2,2,4.99,2,9.986666666666666,186.2
593,508,3,1,4.99,1,180.25333333333333,262.2
594,509,3,3,4.99,4,11.95138888888889,258.4
596,510,3,1,4.99,1,180.25333333333333,338.0
597,511,2,2,4.99,7,28.616666666666667,325.0
598,512,1,1,4.99,6,267.6878205128205,405.6
600,513,1,1,4.99,1,180.25333333333333,343.2
601,514,0,0,4.99,0,21.729166666666668,387.4
602,515,3,1,4.99,6,267.6878205128205,345.8
604,516,3,1,4.99,6,267.6878205128205,335.4
605,517,3,3,9.99,2,9.986666666666666,335.4
606,518,0,1,4.99,8,5.245666666666667,317.2
607,519,2,1,4.99,1,180.25333333333333,317.2
608,520,0,1,4.99,6,267.6878205128205,265.2
609,521,3,1,4.99,5,10.183333333333334,231.4
610,522,1,1,4.99,5,10.183333333333334,252.2
611,523,1,1,4.99,1,180.25333333333333,223.6
612,524,3,1,4.99,1,180.25333333333333,288.6
613,525,0,1,4.99,6,267.6878205128205,286.0
614,526,1,1,4.99,1,180.25333333333333,273.0
615,527,0,1,4.99,1,180.25333333333333,236.6
616,528,3,1,4.99,1,180.25333333333333,176.8
617,529,0,3,4.99,9,8.653333333333332,187.2
618,530,0,1,4.99,6,267.6878205128205,213.2
619,531,3,1,4.99,1,180.25333333333333,223.6
620,532,3,0,4.99,9,8.653333333333332,265.2
621,533,3,1,4.99,5,10.183333333333334,249.6
622,534,0,1,4.99,1,180.25333333333333,202.8
623,535,1,1,4.99,1,180.25333333333333,202.8
625,537,0,1,4.99,1,180.25333333333333,210.6
626,538,2,1,4.99,1,180.25333333333333,286.0
627,539,3,1,4.99,1,180.25333333333333,270.4
628,540,2,1,4.99,1,180.25333333333333,332.8
629,541,2,1,4.99,1,180.25333333333333,330.2
630,542,1,1,4.99,6,267.6878205128205,309.4
631,543,2,2,4.99,0,21.729166666666668,345.0
632,544,0,1,4.99,6,267.6878205128205,384.0
633,545,3,1,4.99,1,180.25333333333333,321.0
634,546,1,1,4.99,6,267.6878205128205,387.0
635,547,3,1,9.99,6,267.6878205128205,417.0
636,548,1,1,4.99,3,5.302666666666667,339.0
637,549,0,1,4.99,1,180.25333333333333,303.0
638,550,3,1,9.99,6,267.6878205128205,318.0
639,551,3,1,4.99,6,267.6878205128205,321.0
640,552,1,1,4.99,1,180.25333333333333,375.0
642,553,1,1,4.99,1,180.25333333333333,405.0
643,554,2,2,5.99,0,21.729166666666668,399.0
644,555,1,1,4.99,6,267.6878205128205,321.0
645,556,1,1,4.99,1,180.25333333333333,306.0
646,557,0,3,4.99,0,21.729166666666668,324.0
647,558,0,0,4.99,2,9.986666666666666,342.0
648,559,2,3,4.99,0,21.729166666666668,396.0
649,560,3,1,9.99,6,267.6878205128205,450.0
650,561,2,1,4.99,1,180.25333333333333,354.0
651,562,1,1,4.99,1,180.25333333333333,339.0
652,563,3,1,4.99,1,180.25333333333333,351.0
654,564,2,3,4.99,2,9.986666666666666,336.0
655,565,0,1,4.99,6,267.6878205128205,399.0
656,566,3,1,4.99,6,267.6878205128205,384.0
657,567,3,1,4.99,3,5.302666666666667,366.0
658,568,2,2,4.99,0,21.729166666666668,399.0
660,569,1,1,4.99,1,180.25333333333333,318.0
662,570,3,1,5.99,1,180.25333333333333,378.0
663,571,1,1,19.99,6,267.6878205128205,390.0
664,572,3,1,4.99,1,180.25333333333333,354.0
665,573,3,1,4.99,1,180.25333333333333,312.0
667,574,3,1,4.99,6,267.6878205128205,378.0
668,575,3,1,4.99,6,267.6878205128205,413.0
669,576,2,0,4.99,4,11.95138888888889,409.5
670,577,3,1,4.99,1,180.25333333333333,371.0
671,578,0,2,4.99,0,21.729166666666668,315.0
672,579,1,1,4.99,1,180.25333333333333,311.5
673,580,2,0,4.99,4,11.95138888888889,308.0
674,581,3,1,4.99,1,180.25333333333333,315.0
675,582,0,1,4.99,1,180.25333333333333,308.0
676,583,3,1,4.99,1,180.25333333333333,343.0
677,584,3,1,4.99,1,180.25333333333333,420.0
678,585,0,1,4.99,6,267.6878205128205,413.0
679,586,3,1,4.99,6,267.6878205128205,399.0
681,587,3,1,4.99,1,180.25333333333333,437.5
682,588,3,1,4.99,1,180.25333333333333,451.5
683,589,2,1,5.99,1,180.25333333333333,458.5
684,590,0,3,9.99,4,11.95138888888889,381.5
685,591,3,2,9.99,7,28.616666666666667,448.0
686,592,2,3,4.99,2,9.986666666666666,455.0
687,593,0,1,4.99,1,180.25333333333333,420.0
688,594,0,1,4.99,1,180.25333333333333,325.5
689,595,0,2,4.99,4,11.95138888888889,308.0
690,596,2,0,4.99,9,8.653333333333332,353.5
691,597,1,1,4.99,6,267.6878205128205,353.5
692,598,0,1,4.99,1,180.25333333333333,451.5
693,599,1,1,4.99,1,180.25333333333333,388.5
694,600,3,1,4.99,5,10.183333333333334,322.0
695,601,0,1,4.99,1,180.25333333333333,402.5
697,602,3,1,4.99,6,267.6878205128205,9.9
698,603,3,1,4.99,5,10.183333333333334,9.0
699,604,3,2,4.99,0,21.729166666666668,15.6
702,605,3,1,4.99,1,180.25333333333333,9.3
703,606,2,3,4.99,2,9.986666666666666,12.6
704,607,3,1,4.99,1,180.25333333333333,11.1
705,608,0,1,4.99,1,180.25333333333333,10.5
706,609,1,1,4.99,6,267.6878205128205,11.1
707,610,2,1,4.99,6,267.6878205128205,10.8
708,611,1,1,4.99,1,180.25333333333333,14.7
709,612,3,1,4.99,1,180.25333333333333,9.0
710,613,2,2,4.99,7,28.616666666666667,6.9
711,614,2,2,9.99,4,11.95138888888889,9.0
712,615,3,1,4.99,1,180.25333333333333,6.3
713,616,3,1,4.99,6,267.6878205128205,11.1
714,617,0,1,4.99,1,180.25333333333333,12.3
715,618,0,1,5.99,1,180.25333333333333,9.6
716,619,3,1,5.99,6,267.6878205128205,12.3
717,620,2,1,4.99,1,180.25333333333333,6.0
719,621,3,1,4.99,1,180.25333333333333,8.4
720,622,3,1,4.99,1,180.25333333333333,10.5
721,623,3,3,19.99,2,9.986666666666666,10.2
722,624,3,1,4.99,6,267.6878205128205,10.2
725,625,1,1,4.99,1,180.25333333333333,6.6
726,626,0,1,4.99,1,180.25333333333333,7.8
727,627,0,1,4.99,1,180.25333333333333,5.4
728,628,0,1,4.99,6,267.6878205128205,7.5
729,629,3,1,4.99,1,180.25333333333333,2.7
730,630,3,3,4.99,2,9.986666666666666,3.9
731,631,2,1,4.99,8,5.245666666666667,6.0
732,632,3,1,9.99,6,267.6878205128205,4.2
733,633,0,1,4.99,1,180.25333333333333,2.52
734,634,0,1,4.99,8,5.245666666666667,4.14
735,635,1,1,4.99,6,267.6878205128205,2.34
736,636,0,1,4.99,1,180.25333333333333,2.34
737,637,2,0,4.99,7,28.616666666666667,1.8
738,638,0,0,4.99,9,8.653333333333332,1.26
739,639,2,3,4.99,0,21.729166666666668,1.44
740,640,1,1,4.99,1,180.25333333333333,3.78
741,641,3,1,4.99,1,180.25333333333333,4.14
742,642,1,1,4.99,6,267.6878205128205,2.7
743,643,3,1,4.99,1,180.25333333333333,2.88
744,644,3,1,4.99,6,267.6878205128205,2.34
746,645,2,3,4.99,7,28.616666666666667,2.52
748,646,3,1,4.99,6,267.6878205128205,5.04
749,647,2,3,4.99,2,9.986666666666666,3.24
750,648,3,1,4.99,1,180.25333333333333,4.14
751,649,1,1,4.99,1,180.25333333333333,3.78
752,650,1,1,4.99,1,180.25333333333333,3.24
753,651,0,0,4.99,0,21.729166666666668,3.42
754,652,1,1,19.99,6,267.6878205128205,4.14
756,653,0,3,4.99,9,8.653333333333332,4.68
757,654,2,1,4.99,6,267.6878205128205,5.22
758,655,0,1,4.99,3,5.302666666666667,5.58
759,656,2,2,4.99,0,21.729166666666668,2.52
760,657,2,3,4.99,2,9.986666666666666,3.06
761,658,3,1,4.99,1,180.25333333333333,4.32
762,659,2,1,5.99,6,267.6878205128205,3.96
763,660,2,1,4.99,6,267.6878205128205,3.6
764,661,0,1,4.99,1,180.25333333333333,3.06
765,662,0,1,4.99,1,180.25333333333333,2.16
767,663,2,1,4.99,1,180.25333333333333,1.98
769,664,2,0,4.99,7,28.616666666666667,2.7
770,665,2,3,5.99,9,8.653333333333332,2.88
771,666,1,0,4.99,4,11.95138888888889,1.26
773,667,0,1,4.99,6,267.6878205128205,1.8
774,668,3,2,5.99,2,9.986666666666666,1.98
775,669,0,0,4.99,4,11.95138888888889,1.62
776,670,0,1,4.99,3,5.302666666666667,3.78
777,671,3,1,4.99,6,267.6878205128205,2.7
778,672,3,1,4.99,1,180.25333333333333,4.32
779,673,3,1,4.99,1,180.25333333333333,2.52
780,674,3,1,4.99,6,267.6878205128205,2.16
782,675,3,1,4.99,5,10.183333333333334,4.32
783,676,2,1,4.99,1,180.25333333333333,3.6
784,677,3,1,5.99,1,180.25333333333333,4.32
785,678,3,1,4.99,6,267.6878205128205,3.42
786,679,2,0,19.99,7,28.616666666666667,3.96
787,680,3,1,4.99,1,180.25333333333333,3.78
788,681,3,1,4.99,8,5.245666666666667,2.52
789,682,1,1,4.99,6,267.6878205128205,4.2
790,683,3,1,5.99,3,5.302666666666667,4.83
791,684,1,1,4.99,6,267.6878205128205,4.62
792,685,2,0,4.99,0,21.729166666666668,4.83
793,686,1,1,4.99,5,10.183333333333334,3.99
794,687,3,1,5.99,1,180.25333333333333,3.36
795,688,1,1,4.99,1,180.25333333333333,3.57
797,689,3,1,4.99,6,267.6878205128205,4.2
798,690,1,1,4.99,1,180.25333333333333,3.99
799,691,3,1,4.99,6,267.6878205128205,3.57
800,692,3,1,4.99,1,180.25333333333333,2.73
801,693,3,1,4.99,1,180.25333333333333,3.36
803,694,3,1,4.99,6,267.6878205128205,5.25
804,695,0,2,5.99,2,9.986666666666666,5.04
805,696,2,1,4.99,6,267.6878205128205,5.25
806,697,1,1,4.99,1,180.25333333333333,4.2
807,698,3,1,4.99,1,180.25333333333333,2.73
808,699,3,1,4.99,6,267.6878205128205,3.78
809,700,1,1,4.99,6,267.6878205128205,4.2
810,701,2,1,4.99,1,180.25333333333333,5.67
811,702,0,1,4.99,1,180.25333333333333,4.41
813,703,1,1,4.99,6,267.6878205128205,3.78
814,704,1,1,4.99,1,180.25333333333333,3.99
815,705,3,0,4.99,0,21.729166666666668,3.57
816,706,2,1,4.99,1,180.25333333333333,3.78
817,707,2,3,4.99,0,21.729166666666668,2.73
818,708,0,1,4.99,1,180.25333333333333,3.57
819,709,3,3,4.99,7,28.616666666666667,2.94
820,710,2,2,4.99,7,28.616666666666667,5.04
821,711,0,3,4.99,2,9.986666666666666,2.73
822,712,2,0,4.99,0,21.729166666666668,3.6
823,713,1,1,4.99,1,180.25333333333333,4.56
824,714,3,1,4.99,6,267.6878205128205,4.56
825,715,0,1,4.99,6,267.6878205128205,4.08
826,716,3,1,4.99,1,180.25333333333333,3.36
827,717,0,1,4.99,1,180.25333333333333,3.36
828,718,1,1,4.99,6,267.6878205128205,3.12
829,719,2,1,4.99,1,180.25333333333333,3.36
830,720,1,1,4.99,6,267.6878205128205,4.32
832,721,2,1,4.99,6,267.6878205128205,5.04
833,722,0,1,4.99,6,267.6878205128205,5.28
834,723,2,2,4.99,7,28.616666666666667,4.56
836,724,3,1,4.99,6,267.6878205128205,5.76
837,725,3,1,4.99,6,267.6878205128205,5.28
838,726,3,1,4.99,6,267.6878205128205,6.48
840,727,3,1,4.99,6,267.6878205128205,7.2
841,728,3,2,4.99,7,28.616666666666667,6.0
842,729,0,1,4.99,1,180.25333333333333,7.92
843,730,3,1,4.99,1,180.25333333333333,4.8
844,731,3,1,4.99,1,180.25333333333333,6.0
845,732,0,3,4.99,4,11.95138888888889,5.52
846,733,3,1,4.99,1,180.25333333333333,7.68
847,734,2,2,4.99,0,21.729166666666668,9.6
848,735,1,1,4.99,6,267.6878205128205,5.04
849,736,3,1,4.99,1,180.25333333333333,6.24
850,737,3,1,4.99,1,180.25333333333333,6.0
851,738,1,1,4.99,1,180.25333333333333,6.48
852,739,3,1,4.99,1,180.25333333333333,6.96
853,740,3,1,4.99,5,10.183333333333334,8.16
854,741,3,1,4.99,1,180.25333333333333,6.48
855,742,3,1,4.99,1,180.25333333333333,3.84
856,743,3,1,4.99,6,267.6878205128205,4.56
857,744,2,1,4.99,1,180.25333333333333,3.84
858,745,1,1,5.99,8,5.245666666666667,5.28
859,746,1,1,4.99,1,180.25333333333333,6.75
860,747,1,1,19.99,1,180.25333333333333,8.37
861,748,2,3,5.99,4,11.95138888888889,5.67
862,749,3,1,4.99,5,10.183333333333334,5.13
863,750,0,1,4.99,1,180.25333333333333,3.78
864,751,2,2,4.99,9,8.653333333333332,4.86
865,752,3,1,4.99,1,180.25333333333333,5.94
866,753,3,0,4.99,4,11.95138888888889,5.67
867,754,3,3,4.99,2,9.986666666666666,5.67
868,755,3,1,4.99,1,180.25333333333333,5.4
869,756,1,1,4.99,1,180.25333333333333,4.32
870,757,3,1,9.99,1,180.25333333333333,5.94
871,758,1,1,4.99,6,267.6878205128205,6.48
872,759,0,3,5.99,4,11.95138888888889,7.29
873,760,0,1,4.99,6,267.6878205128205,7.56
874,761,3,1,4.99,1,180.25333333333333,5.67
875,762,3,1,4.99,1,180.25333333333333,11.07
876,763,1,1,4.99,1,180.25333333333333,40.95
877,764,3,1,4.99,1,180.25333333333333,34.65
878,765,0,1,4.99,6,267.6878205128205,47.25
880,766,2,0,4.99,0,21.729166666666668,36.75
881,767,2,1,4.99,6,267.6878205128205,43.05
882,768,1,1,4.99,6,267.6878205128205,30.45
883,769,3,1,4.99,1,180.25333333333333,37.8
884,770,3,2,4.99,4,11.95138888888889,37.8
885,771,1,1,4.99,3,5.302666666666667,46.2
886,772,2,0,4.99,9,8.653333333333332,33.6
888,773,1,1,4.99,1,180.25333333333333,38.85
891,774,3,1,4.99,8,5.245666666666667,32.55
892,775,3,1,9.99,5,10.183333333333334,35.7
893,776,1,1,4.99,1,180.25333333333333,46.2
894,777,1,1,4.99,5,10.183333333333334,53.55
895,778,3,1,4.99,1,180.25333333333333,36.75
896,779,3,1,4.99,6,267.6878205128205,35.7
898,780,0,2,4.99,7,28.616666666666667,38.85
899,781,2,1,4.99,1,180.25333333333333,37.8
900,782,3,1,4.99,8,5.245666666666667,43.05
901,783,1,1,5.99,6,267.6878205128205,39.9
902,784,0,1,4.99,5,10.183333333333334,56.7
903,785,0,1,4.99,1,180.25333333333333,46.2
904,786,0,1,4.99,1,180.25333333333333,14.7
905,787,3,1,4.99,1,180.25333333333333,13.65
906,788,3,2,4.99,7,28.616666666666667,22.05
907,789,0,1,19.99,6,267.6878205128205,18.9
908,790,3,1,5.99,6,267.6878205128205,30.45
909,791,2,1,4.99,1,180.25333333333333,15.75
910,792,1,1,4.99,1,180.25333333333333,16.8
911,793,3,1,4.99,1,180.25333333333333,18.9
912,794,3,1,4.99,8,5.245666666666667,11.55
913,795,3,2,4.99,9,8.653333333333332,11.55
915,796,1,1,4.99,6,267.6878205128205,12.6
916,797,0,1,4.99,8,5.245666666666667,17.85
918,798,0,1,4.99,5,10.183333333333334,9.45
919,799,0,1,5.99,1,180.25333333333333,9.45
920,800,3,1,4.99,1,180.25333333333333,9.45
921,801,3,1,5.99,6,267.6878205128205,12.6
922,802,1,1,5.99,6,267.6878205128205,23.1
923,803,1,1,4.99,6,267.6878205128205,17.85
924,804,3,1,4.99,1,180.25333333333333,9.45
925,805,3,1,4.99,1,180.25333333333333,14.7
926,806,1,1,4.99,6,267.6878205128205,25.2
927,807,1,2,4.99,2,9.986666666666666,19.95
928,808,1,1,4.99,6,267.6878205128205,28.35
930,809,1,1,4.99,6,267.6878205128205,17.85
931,810,2,3,5.99,7,28.616666666666667,21.0
932,811,0,1,4.99,1,180.25333333333333,16.8
933,812,3,1,4.99,1,180.25333333333333,17.85
934,813,3,2,4.99,9,8.653333333333332,18.9
935,814,3,2,4.99,2,9.986666666666666,30.45
936,815,1,1,4.99,1,180.25333333333333,25.2
937,816,0,2,4.99,0,21.729166666666668,14.7
938,817,2,2,4.99,4,11.95138888888889,22.05
939,818,1,1,4.99,6,267.6878205128205,18.9
940,819,3,1,4.99,1,180.25333333333333,11.55
941,820,2,0,4.99,4,11.95138888888889,23.1
942,821,3,1,4.99,6,267.6878205128205,19.95
943,822,3,2,5.99,4,11.95138888888889,19.95
944,823,3,1,4.99,1,180.25333333333333,24.15
945,824,1,1,4.99,1,180.25333333333333,9.45
946,825,1,2,4.99,7,28.616666666666667,7.35
947,826,0,1,4.99,6,267.6878205128205,17.85
948,827,3,1,4.99,6,267.6878205128205,15.75
950,828,1,1,4.99,1,180.25333333333333,13.65
951,829,0,1,4.99,1,180.25333333333333,10.5
952,830,2,3,4.99,4,11.95138888888889,10.5
954,831,3,1,4.99,1,180.25333333333333,19.95
956,832,3,1,4.99,6,267.6878205128205,11.55
957,833,0,1,4.99,1,180.25333333333333,10.5
958,834,2,1,4.99,1,180.25333333333333,28.35
959,835,0,0,4.99,0,21.729166666666668,11.55
960,836,2,0,19.99,7,28.616666666666667,11.55
961,837,1,3,4.99,7,28.616666666666667,12.6
962,838,0,1,4.99,5,10.183333333333334,15.75
963,839,3,1,4.99,6,267.6878205128205,13.65
964,840,1,1,4.99,3,5.302666666666667,25.2
965,841,0,1,5.99,1,180.25333333333333,16.8
966,842,0,3,5.99,4,11.95138888888889,18.9
967,843,3,2,4.99,2,9.986666666666666,15.75
968,844,3,1,4.99,1,180.25333333333333,16.8
969,845,2,0,4.99,7,28.616666666666667,26.25
970,846,3,1,4.99,6,267.6878205128205,26.25
971,847,0,1,4.99,6,267.6878205128205,21.0
972,848,3,1,4.99,1,180.25333333333333,14.7
973,849,2,0,4.99,7,28.616666666666667,18.9
974,850,3,0,4.99,0,21.729166666666668,17.85
975,851,3,1,4.99,1,180.25333333333333,8.4
976,852,1,1,4.99,1,180.25333333333333,19.95
977,853,3,1,9.99,8,5.245666666666667,16.8
978,854,3,1,4.99,1,180.25333333333333,19.95
979,855,0,1,4.99,1,180.25333333333333,21.0
980,856,3,1,4.99,1,180.25333333333333,18.9
981,857,2,2,5.99,9,8.653333333333332,17.85
982,858,3,1,4.99,1,180.25333333333333,16.8
983,859,3,1,4.99,1,180.25333333333333,15.75
984,860,0,3,4.99,7,28.616666666666667,14.7
985,861,0,1,4.99,5,10.183333333333334,12.6
987,862,1,2,5.99,4,11.95138888888889,25.2
988,863,0,1,4.99,1,180.25333333333333,17.85
989,864,1,1,5.99,6,267.6878205128205,16.8
990,865,3,3,4.99,2,9.986666666666666,19.95
991,866,1,1,4.99,6,267.6878205128205,23.1
992,867,3,1,4.99,6,267.6878205128205,18.9
993,868,1,1,4.99,1,180.25333333333333,17.85
994,869,3,3,4.99,0,21.729166666666668,14.7
995,870,0,1,4.99,6,267.6878205128205,24.15
997,871,3,0,5.99,7,28.616666666666667,22.05
998,872,1,1,4.99,3,5.302666666666667,19.95
999,873,3,1,4.99,8,5.245666666666667,21.0
1000,874,0,1,4.99,1,180.25333333333333,16.8
1001,875,1,1,4.99,1,180.25333333333333,7.35
1002,876,3,1,4.99,1,180.25333333333333,12.6
1003,877,0,0,4.99,7,28.616666666666667,13.65
1004,878,1,1,4.99,1,180.25333333333333,18.9
1005,879,3,1,4.99,6,267.6878205128205,17.85
1007,880,1,1,4.99,6,267.6878205128205,23.1
1008,881,3,1,4.99,6,267.6878205128205,9.45
1009,882,3,1,4.99,1,180.25333333333333,9.45
1010,883,0,2,4.99,4,11.95138888888889,18.9
1011,884,1,1,4.99,1,180.25333333333333,14.7
1012,885,3,1,4.99,1,180.25333333333333,11.55
1013,886,3,1,4.99,1,180.25333333333333,13.65
1014,887,1,1,4.99,6,267.6878205128205,19.95
1015,888,3,1,4.99,6,267.6878205128205,11.55
1016,889,0,1,4.99,1,180.25333333333333,18.9
1017,890,0,1,4.99,6,267.6878205128205,14.7
1018,891,1,1,9.99,1,180.25333333333333,18.9
1019,892,3,1,4.99,1,180.25333333333333,27.3
1020,893,3,1,4.99,6,267.6878205128205,28.35
1023,894,3,1,4.99,1,180.25333333333333,22.05
1024,895,3,1,4.99,1,180.25333333333333,34.65
1025,896,2,1,4.99,1,180.25333333333333,25.2
1026,897,0,1,4.99,1,180.25333333333333,23.1
1027,898,3,1,4.99,1,180.25333333333333,35.7
1028,899,1,1,4.99,1,180.25333333333333,27.3
1029,900,3,1,4.99,1,180.25333333333333,16.8
1030,901,0,1,4.99,8,5.245666666666667,17.85
1031,902,0,3,4.99,0,21.729166666666668,29.4
1032,903,1,1,4.99,1,180.25333333333333,22.05
1033,904,2,1,4.99,1,180.25333333333333,12.6
1035,905,2,2,4.99,2,9.986666666666666,17.85
1036,906,3,1,4.99,6,267.6878205128205,21.0
1037,907,0,2,4.99,0,21.729166666666668,22.05
1038,908,1,1,4.99,1,180.25333333333333,17.85
1040,909,3,1,4.99,6,267.6878205128205,21.0
1042,910,1,1,9.99,1,180.25333333333333,17.85
1043,911,1,1,4.99,1,180.25333333333333,15.75
1044,912,2,1,4.99,1,180.25333333333333,12.6
1045,913,1,1,4.99,1,180.25333333333333,9.45
1046,914,0,1,4.99,1,180.25333333333333,22.05
1047,915,2,2,4.99,7,28.616666666666667,15.75
1048,916,3,1,4.99,5,10.183333333333334,25.2
1051,917,2,2,4.99,7,28.616666666666667,15.75
1053,918,2,1,4.99,1,180.25333333333333,26.25
1054,919,2,3,19.99,7,28.616666666666667,21.0
1055,920,0,1,4.99,1,180.25333333333333,35.7
1056,921,3,3,9.99,2,9.986666666666666,2.52
1057,922,3,1,4.99,6,267.6878205128205,2.94
1058,923,3,1,4.99,6,267.6878205128205,2.73
1059,924,3,1,4.99,1,180.25333333333333,3.99
1060,925,0,1,4.99,6,267.6878205128205,4.62
1061,926,0,1,4.99,6,267.6878205128205,4.62
1062,927,3,1,4.99,5,10.183333333333334,4.2
1064,928,1,1,4.99,6,267.6878205128205,3.78
1065,929,1,1,4.99,1,180.25333333333333,3.36
1066,930,3,1,4.99,1,180.25333333333333,7.56
1068,931,3,1,4.99,1,180.25333333333333,2.94
1069,932,2,1,4.99,1,180.25333333333333,4.2
1071,933,3,1,4.99,6,267.6878205128205,3.36
1072,934,1,1,4.99,1,180.25333333333333,4.41
1073,935,1,1,4.99,1,180.25333333333333,4.62
1074,936,0,1,5.99,1,180.25333333333333,3.57
1075,937,1,1,4.99,1,180.25333333333333,3.57
1076,938,1,1,4.99,1,180.25333333333333,5.67
1077,939,0,1,4.99,3,5.302666666666667,3.78
1078,940,3,1,4.99,1,180.25333333333333,3.36
1079,941,1,1,4.99,1,180.25333333333333,3.15
1081,942,1,1,4.99,1,180.25333333333333,3.36
1082,943,1,1,4.99,6,267.6878205128205,4.41
1083,944,2,1,4.99,6,267.6878205128205,3.36
1084,945,3,1,4.99,1,180.25333333333333,9.03
1085,946,3,3,4.99,4,11.95138888888889,9.87
1086,947,1,1,4.99,1,180.25333333333333,11.76
1087,948,1,1,9.99,6,267.6878205128205,13.44
1090,949,1,1,4.99,1,180.25333333333333,8.4
1092,950,0,1,4.99,1,180.25333333333333,10.29
1093,951,0,1,4.99,1,180.25333333333333,8.82
1094,952,0,1,4.99,6,267.6878205128205,10.29
1095,953,2,1,4.99,6,267.6878205128205,7.77
1096,954,2,1,19.99,3,5.302666666666667,9.24
1098,955,1,1,4.99,1,180.25333333333333,5.88
1099,956,3,1,19.99,6,267.6878205128205,5.46
1100,957,0,1,4.99,1,180.25333333333333,7.14
1101,958,3,1,9.99,6,267.6878205128205,9.66
1102,959,3,1,4.99,6,267.6878205128205,9.24
1103,960,1,1,4.99,6,267.6878205128205,6.72
1105,961,1,1,4.99,6,267.6878205128205,7.35
1106,962,3,3,4.99,0,21.729166666666668,11.76
1108,963,2,2,4.99,9,8.653333333333332,10.5
1109,964,1,1,4.99,1,180.25333333333333,12.39
1110,965,0,1,4.99,1,180.25333333333333,13.65
1111,966,1,1,5.99,1,180.25333333333333,14.91
1112,967,1,1,4.99,1,180.25333333333333,10.29
1113,968,3,1,4.99,1,180.25333333333333,13.65
1114,969,3,1,4.99,1,180.25333333333333,14.07
1115,970,0,1,4.99,6,267.6878205128205,16.38
1117,971,0,1,4.99,8,5.245666666666667,14.28
1118,972,3,1,4.99,1,180.25333333333333,10.71
1119,973,1,1,4.99,5,10.183333333333334,10.29
1120,974,0,2,4.99,0,21.729166666666668,13.86
1121,975,1,1,4.99,1,180.25333333333333,12.39
1122,976,1,1,4.99,1,180.25333333333333,16.38
1123,977,3,1,4.99,1,180.25333333333333,9.45
1124,978,2,3,4.99,7,28.616666666666667,11.13
1125,979,1,0,4.99,0,21.729166666666668,7.98
1126,980,3,1,4.99,5,10.183333333333334,7.77
1127,981,3,2,9.99,9,8.653333333333332,8.61
1128,982,0,1,4.99,6,267.6878205128205,9.24
1129,983,3,1,4.99,1,180.25333333333333,8.61
1130,984,1,1,5.99,6,267.6878205128205,9.24
1131,985,3,1,4.99,1,180.25333333333333,9.03
1132,986,1,2,4.99,9,8.653333333333332,6.51
1134,987,0,1,5.99,1,180.25333333333333,7.56
1135,988,3,0,4.99,0,21.729166666666668,8.82
1136,989,0,1,4.99,1,180.25333333333333,6.72
1137,990,3,1,4.99,1,180.25333333333333,12.39
1138,991,2,1,4.99,1,180.25333333333333,10.71
1139,992,3,1,4.99,1,180.25333333333333,6.51
1140,993,3,1,4.99,1,180.25333333333333,7.56
1141,994,0,1,4.99,1,180.25333333333333,5.88
1142,995,1,1,4.99,1,180.25333333333333,11.76
1143,996,3,0,4.99,0,21.729166666666668,11.76
1144,997,3,1,4.99,1,180.25333333333333,13.02
1145,998,2,0,4.99,2,9.986666666666666,10.29
1146,999,3,1,4.99,6,267.6878205128205,13.86
1147,1000,1,1,4.99,5,10.183333333333334,11.13
1148,1001,3,1,4.99,1,180.25333333333333,12.39
1149,1002,0,3,4.99,2,9.986666666666666,12.6
1150,1003,1,1,4.99,1,180.25333333333333,10.92
1151,1004,2,1,4.99,1,180.25333333333333,12.39
1152,1005,3,1,4.99,1,180.25333333333333,10.71
1153,1006,0,1,4.99,5,10.183333333333334,15.33
1154,1007,2,0,4.99,4,11.95138888888889,11.13
1155,1008,3,1,4.99,1,180.25333333333333,10.5
1156,1009,3,1,4.99,6,267.6878205128205,10.92
1157,1010,3,1,5.99,6,267.6878205128205,12.18
1158,1011,0,1,4.99,1,180.25333333333333,16.8
1159,1012,2,3,19.99,9,8.653333333333332,13.02
1160,1013,3,1,4.99,6,267.6878205128205,9.24
1162,1014,2,1,4.99,1,180.25333333333333,10.08
1163,1015,2,1,4.99,6,267.6878205128205,12.6
1165,1016,2,3,19.99,7,28.616666666666667,11.76
1168,1017,3,1,4.99,1,180.25333333333333,13.44
1169,1018,3,1,4.99,1,180.25333333333333,12.81
1170,1019,1,1,4.99,1,180.25333333333333,11.34
1171,1020,3,1,4.99,1,180.25333333333333,14.7
1172,1021,3,1,4.99,1,180.25333333333333,16.17
1173,1022,0,1,4.99,6,267.6878205128205,13.44
1174,1023,0,3,19.99,4,11.95138888888889,9.03
1175,1024,0,1,4.99,1,180.25333333333333,9.87
1176,1025,1,3,4.99,0,21.729166666666668,10.5
1177,1026,0,1,4.99,8,5.245666666666667,10.92
1178,1027,0,1,4.99,1,180.25333333333333,12.18
1179,1028,1,1,4.99,6,267.6878205128205,11.97
1181,1029,2,1,4.99,1,180.25333333333333,8.4
1182,1030,3,1,4.99,1,180.25333333333333,9.45
1184,1031,3,0,4.99,7,28.616666666666667,10.71
1185,1032,3,1,4.99,5,10.183333333333334,9.45
1186,1033,2,0,4.99,4,11.95138888888889,9.66
1187,1034,3,1,4.99,1,180.25333333333333,8.4
1188,1035,1,1,4.99,6,267.6878205128205,9.66
1189,1036,0,0,5.99,7,28.616666666666667,9.24
1190,1037,3,1,4.99,1,180.25333333333333,8.19
1191,1038,3,1,19.99,6,267.6878205128205,9.03
1192,1039,1,1,4.99,1,180.25333333333333,11.13
1194,1040,0,1,4.99,6,267.6878205128205,11.55
1195,1041,0,1,4.99,1,180.25333333333333,9.03
1196,1042,3,3,4.99,7,28.616666666666667,7.56
1197,1043,0,3,4.99,2,9.986666666666666,14.07
1198,1044,3,1,4.99,1,180.25333333333333,11.55
1199,1045,3,1,4.99,1,180.25333333333333,11.55
1201,1046,2,1,4.99,1,180.25333333333333,13.86
1202,1047,0,0,4.99,0,21.729166666666668,13.44
1203,1048,2,3,4.99,0,21.729166666666668,14.7
1204,1049,3,1,4.99,6,267.6878205128205,12.81
1205,1050,1,1,4.99,1,180.25333333333333,13.44
1206,1051,1,1,4.99,1,180.25333333333333,15.54
1207,1052,1,1,4.99,1,180.25333333333333,17.43
1208,1053,3,1,4.99,5,10.183333333333334,18.69
1209,1054,3,3,5.99,9,8.653333333333332,12.81
1211,1055,3,0,4.99,7,28.616666666666667,14.07
1212,1056,1,1,4.99,6,267.6878205128205,14.28
1213,1057,1,1,4.99,1,180.25333333333333,15.96
1217,1058,3,1,4.99,1,180.25333333333333,11.13
1218,1059,1,1,4.99,1,180.25333333333333,8.61
1219,1060,1,1,4.99,6,267.6878205128205,11.97
1220,1061,2,3,4.99,4,11.95138888888889,12.39
1222,1062,2,1,4.99,1,180.25333333333333,9.87
1223,1063,3,1,4.99,1,180.25333333333333,7.14
1224,1064,3,1,5.99,8,5.245666666666667,7.77
1226,1065,1,1,5.99,1,180.25333333333333,12.81
1227,1066,0,1,4.99,1,180.25333333333333,11.55
1228,1067,1,1,4.99,1,180.25333333333333,11.55
1229,1068,3,1,4.99,1,180.25333333333333,7.56
1230,1069,3,0,4.99,7,28.616666666666667,11.55
1231,1070,2,1,4.99,1,180.25333333333333,10.71
1233,1071,0,0,4.99,0,21.729166666666668,14.7
1234,1072,3,1,4.99,8,5.245666666666667,14.28
1235,1073,1,1,4.99,1,180.25333333333333,12.81
1236,1074,1,1,4.99,5,10.183333333333334,4.25
1237,1075,3,1,4.99,6,267.6878205128205,4.25
1238,1076,3,1,4.99,1,180.25333333333333,5.75
1239,1077,3,1,9.99,6,267.6878205128205,4.25
1241,1078,3,0,4.99,7,28.616666666666667,5.0
1242,1079,1,1,4.99,6,267.6878205128205,5.75
1243,1080,3,2,4.99,2,9.986666666666666,4.25
1244,1081,0,1,4.99,1,180.25333333333333,4.25
1245,1082,3,1,4.99,6,267.6878205128205,5.75
1246,1083,0,0,9.99,7,28.616666666666667,6.0
1247,1084,3,0,4.99,4,11.95138888888889,3.5
1249,1085,3,1,19.99,6,267.6878205128205,4.25
1252,1086,1,1,4.99,6,267.6878205128205,4.25
1253,1087,1,1,4.99,1,180.25333333333333,5.25
1254,1088,0,3,4.99,0,21.729166666666668,3.5
1255,1089,1,1,4.99,1,180.25333333333333,4.75
1256,1090,1,1,4.99,1,180.25333333333333,4.0
1258,1091,3,0,4.99,7,28.616666666666667,5.0
1259,1092,3,1,4.99,6,267.6878205128205,5.75
1260,1093,2,3,4.99,7,28.616666666666667,3.75
1261,1094,0,1,4.99,6,267.6878205128205,4.75
1262,1095,0,2,19.99,7,28.616666666666667,5.0
1263,1096,1,1,4.99,1,180.25333333333333,5.75
1264,1097,2,1,4.99,1,180.25333333333333,14.0
1265,1098,0,1,4.99,6,267.6878205128205,11.5
1266,1099,0,1,4.99,1,180.25333333333333,13.25
1267,1100,1,1,4.99,6,267.6878205128205,15.75
1268,1101,3,1,4.99,1,180.25333333333333,16.5
1269,1102,3,1,4.99,6,267.6878205128205,13.25
1270,1103,1,2,4.99,4,11.95138888888889,9.0
1271,1104,1,1,5.99,6,267.6878205128205,13.25
1273,1105,3,1,4.99,6,267.6878205128205,11.25
1274,1106,1,1,4.99,6,267.6878205128205,11.5
1277,1107,1,1,4.99,1,180.25333333333333,10.25
1279,1108,3,1,4.99,1,180.25333333333333,9.75
1280,1109,1,1,4.99,6,267.6878205128205,9.0
1281,1110,0,0,5.99,9,8.653333333333332,14.0
1282,1111,3,1,4.99,1,180.25333333333333,12.0
1283,1112,3,1,4.99,1,180.25333333333333,9.75
1284,1113,2,1,5.99,6,267.6878205128205,11.5
1285,1114,3,1,4.99,1,180.25333333333333,8.5
1287,1115,2,0,9.99,2,9.986666666666666,13.25
1288,1116,2,1,4.99,6,267.6878205128205,14.5
1291,1117,2,3,9.99,4,11.95138888888889,12.25
1292,1118,3,3,4.99,4,11.95138888888889,12.25
1294,1119,1,1,5.99,6,267.6878205128205,18.5
1296,1120,3,1,4.99,6,267.6878205128205,20.0
1297,1121,0,1,4.99,1,180.25333333333333,16.0
1298,1122,0,1,4.99,1,180.25333333333333,14.75
1299,1123,2,0,4.99,0,21.729166666666668,12.5
1300,1124,3,1,4.99,1,180.25333333333333,11.5
1301,1125,0,3,4.99,9,8.653333333333332,14.75
1302,1126,0,1,4.99,1,180.25333333333333,17.0
1303,1127,0,1,4.99,1,180.25333333333333,16.0
1304,1128,3,1,5.99,3,5.302666666666667,15.0
1305,1129,2,1,4.99,1,180.25333333333333,10.5
1306,1130,0,1,5.99,1,180.25333333333333,9.0
1307,1131,0,1,4.99,6,267.6878205128205,9.0
1308,1132,0,1,4.99,1,180.25333333333333,9.25
1309,1133,2,1,4.99,1,180.25333333333333,14.25
1312,1134,3,1,4.99,1,180.25333333333333,5.75
1314,1135,1,1,4.99,1,180.25333333333333,11.0
1315,1136,3,1,4.99,6,267.6878205128205,10.25
1316,1137,3,1,4.99,1,180.25333333333333,11.25
1317,1138,3,1,4.99,1,180.25333333333333,10.5
1318,1139,3,1,5.99,6,267.6878205128205,8.25
1319,1140,2,2,4.99,0,21.729166666666668,9.75
1320,1141,3,1,4.99,1,180.25333333333333,11.75
1322,1142,1,1,4.99,1,180.25333333333333,12.75
1323,1143,3,2,4.99,0,21.729166666666668,12.75
1324,1144,3,1,4.99,1,180.25333333333333,15.5
1325,1145,1,1,4.99,3,5.302666666666667,9.75
1326,1146,1,1,9.99,6,267.6878205128205,10.75
1327,1147,1,1,4.99,6,267.6878205128205,13.75
1328,1148,3,1,4.99,6,267.6878205128205,12.25
1329,1149,1,0,5.99,7,28.616666666666667,12.25
1330,1150,2,1,4.99,6,267.6878205128205,18.0
1331,1151,2,0,4.99,9,8.653333333333332,14.0
1332,1152,3,1,4.99,1,180.25333333333333,13.0
1333,1153,1,1,4.99,1,180.25333333333333,13.5
1334,1154,1,1,4.99,1,180.25333333333333,13.25
1335,1155,3,1,4.99,1,180.25333333333333,16.5
1336,1156,0,0,4.99,0,21.729166666666668,13.0
1337,1157,1,1,4.99,6,267.6878205128205,18.0
1338,1158,3,1,5.99,6,267.6878205128205,16.75
1339,1159,1,1,5.99,3,5.302666666666667,15.5
1340,1160,1,1,4.99,1,180.25333333333333,12.0
1341,1161,3,1,4.99,5,10.183333333333334,13.75
1342,1162,3,1,4.99,1,180.25333333333333,11.75
1343,1163,3,1,4.99,3,5.302666666666667,12.5
1344,1164,3,1,4.99,5,10.183333333333334,17.75
1345,1165,2,1,4.99,6,267.6878205128205,15.25
1346,1166,3,1,4.99,1,180.25333333333333,12.0
1347,1167,0,3,4.99,0,21.729166666666668,13.75
1348,1168,1,1,4.99,6,267.6878205128205,11.25
1349,1169,1,1,4.99,1,180.25333333333333,15.5
1351,1170,3,1,4.99,6,267.6878205128205,17.75
1352,1171,0,2,9.99,2,9.986666666666666,18.5
1353,1172,3,1,4.99,1,180.25333333333333,14.0
1354,1173,0,1,4.99,1,180.25333333333333,12.5
1356,1174,2,3,4.99,9,8.653333333333332,12.5
1357,1175,3,1,4.99,1,180.25333333333333,11.25
1358,1176,2,3,4.99,7,28.616666666666667,13.5
1359,1177,0,1,4.99,6,267.6878205128205,16.25
1360,1178,2,2,19.99,7,28.616666666666667,12.0
1361,1179,3,1,4.99,1,180.25333333333333,8.0
1362,1180,3,1,4.99,6,267.6878205128205,8.75
1363,1181,2,1,4.99,1,180.25333333333333,8.75
1364,1182,1,1,4.99,1,180.25333333333333,10.5
1365,1183,3,1,4.99,1,180.25333333333333,14.5
1366,1184,1,1,4.99,1,180.25333333333333,10.25
1367,1185,2,1,4.99,1,180.25333333333333,13.0
1368,1186,2,2,4.99,4,11.95138888888889,9.75
1369,1187,3,1,4.99,1,180.25333333333333,10.0
1370,1188,3,1,5.99,5,10.183333333333334,10.5
1371,1189,0,1,4.99,8,5.245666666666667,12.75
1373,1190,1,1,4.99,6,267.6878205128205,10.25
1374,1191,3,1,4.99,1,180.25333333333333,13.25
1375,1192,2,3,4.99,7,28.616666666666667,11.0
1376,1193,0,3,4.99,9,8.653333333333332,13.0
1377,1194,3,1,4.99,6,267.6878205128205,17.5
1378,1195,3,1,4.99,6,267.6878205128205,18.75
1379,1196,1,1,4.99,1,180.25333333333333,14.25
1380,1197,2,1,4.99,1,180.25333333333333,18.0
1381,1198,2,1,4.99,1,180.25333333333333,18.5
1382,1199,3,1,4.99,1,180.25333333333333,16.5
1383,1200,3,1,4.99,5,10.183333333333334,16.5
1384,1201,3,0,4.99,2,9.986666666666666,19.0
1385,1202,0,1,4.99,1,180.25333333333333,19.0
1386,1203,1,1,4.99,1,180.25333333333333,21.25
1387,1204,3,1,4.99,6,267.6878205128205,21.5
1389,1205,3,1,9.99,6,267.6878205128205,16.75
1390,1206,2,1,4.99,6,267.6878205128205,15.25
1391,1207,2,1,4.99,1,180.25333333333333,16.75
1392,1208,1,1,4.99,1,180.25333333333333,16.5
1393,1209,1,1,4.99,1,180.25333333333333,15.75
1395,1210,3,1,19.99,1,180.25333333333333,11.75
1396,1211,0,2,4.99,2,9.986666666666666,13.75
1397,1212,3,1,4.99,1,180.25333333333333,12.25
1399,1213,3,1,4.99,1,180.25333333333333,13.5
1400,1214,0,1,4.99,6,267.6878205128205,14.25
1401,1215,1,1,5.99,3,5.302666666666667,12.5
1402,1216,1,2,4.99,9,8.653333333333332,10.0
1403,1217,1,1,4.99,6,267.6878205128205,13.0
1404,1282,0,1,4.99,6,267.6878205128205,10.25
1405,1218,2,1,4.99,1,180.25333333333333,9.25
1406,1219,0,1,4.99,1,180.25333333333333,14.0
1408,1220,2,0,4.99,9,8.653333333333332,15.75
1410,1221,3,2,4.99,4,11.95138888888889,13.25
1411,1222,3,0,4.99,7,28.616666666666667,13.25
1412,1223,3,2,4.99,9,8.653333333333332,12.5
1413,1224,3,1,4.99,6,267.6878205128205,16.5
1414,1225,0,1,4.99,1,180.25333333333333,14.25
1415,1226,0,1,4.99,6,267.6878205128205,17.75
1416,1227,3,1,4.99,1,180.25333333333333,10.8
1418,1228,2,3,4.99,9,8.653333333333332,8.4
1419,1229,1,1,4.99,1,180.25333333333333,10.8
1420,1230,3,1,4.99,1,180.25333333333333,12.0
1421,1231,3,1,4.99,1,180.25333333333333,19.2
1422,1232,0,1,5.99,6,267.6878205128205,8.4
1423,1233,3,1,4.99,1,180.25333333333333,7.8
1424,1234,2,3,4.99,0,21.729166666666668,11.4
1425,1235,3,1,4.99,1,180.25333333333333,14.4
1426,1236,3,1,4.99,6,267.6878205128205,15.6
1427,1237,1,1,4.99,1,180.25333333333333,15.6
1428,1238,3,1,4.99,1,180.25333333333333,12.6
1429,1239,2,1,4.99,1,180.25333333333333,13.8
1430,1240,3,1,4.99,1,180.25333333333333,9.6
1431,1241,0,1,4.99,1,180.25333333333333,13.8
1432,1242,3,1,4.99,1,180.25333333333333,15.0
1433,1243,1,1,4.99,5,10.183333333333334,10.2
1434,1244,3,1,4.99,1,180.25333333333333,15.0
1435,1245,1,1,4.99,6,267.6878205128205,12.0
1436,1246,3,1,5.99,1,180.25333333333333,10.8
1438,1247,3,1,5.99,6,267.6878205128205,7.2
1439,1248,3,1,4.99,1,180.25333333333333,12.6
1443,1249,1,1,4.99,1,180.25333333333333,10.8
1444,1250,3,1,4.99,1,180.25333333333333,28.2
1445,1251,3,1,4.99,6,267.6878205128205,25.2
1446,1252,3,1,4.99,6,267.6878205128205,34.8
1447,1253,3,0,9.99,9,8.653333333333332,33.6
1448,1254,0,1,4.99,6,267.6878205128205,37.8
1449,1255,1,1,4.99,1,180.25333333333333,28.8
1450,1256,3,1,4.99,6,267.6878205128205,22.2
1451,1257,0,1,4.99,3,5.302666666666667,28.8
1452,1258,0,3,4.99,7,28.616666666666667,29.4
1453,1259,2,2,4.99,9,8.653333333333332,26.4
1455,1260,0,0,4.99,7,28.616666666666667,33.6
1456,1261,1,1,4.99,6,267.6878205128205,28.2
1457,1262,3,1,4.99,1,180.25333333333333,24.6
1458,1263,0,1,4.99,1,180.25333333333333,12.0
1462,1264,1,1,4.99,1,180.25333333333333,33.6
1465,1265,1,1,4.99,1,180.25333333333333,19.8
1466,1266,3,2,4.99,7,28.616666666666667,25.8
1468,1267,3,1,4.99,1,180.25333333333333,41.4
1469,1268,1,1,4.99,1,180.25333333333333,34.8
1470,1269,0,1,4.99,1,180.25333333333333,37.8
1471,1270,1,3,4.99,0,21.729166666666668,37.2
1472,1271,2,2,5.99,2,9.986666666666666,34.8
1473,1272,0,1,4.99,1,180.25333333333333,38.4
1474,1273,3,1,5.99,6,267.6878205128205,39.0
1476,1274,3,1,4.99,5,10.183333333333334,49.2
1477,1275,1,1,4.99,6,267.6878205128205,43.2
1478,1276,2,1,4.99,6,267.6878205128205,33.0
1479,1277,3,1,4.99,6,267.6878205128205,37.8
1480,1278,3,1,4.99,1,180.25333333333333,34.8
1481,1279,0,1,4.99,6,267.6878205128205,34.8
1482,1280,3,1,4.99,8,5.245666666666667,33.0
1483,1281,3,1,4.99,1,180.25333333333333,40.2
1484,1283,3,1,4.99,6,267.6878205128205,28.2
1486,1284,1,1,4.99,6,267.6878205128205,21.0
1487,1285,3,1,4.99,1,180.25333333333333,26.4
1488,1286,3,1,4.99,5,10.183333333333334,19.2
1489,1287,1,1,4.99,5,10.183333333333334,31.2
1490,1288,3,0,4.99,4,11.95138888888889,20.4
1491,1289,1,2,4.99,7,28.616666666666667,24.6
1492,1290,1,1,4.99,6,267.6878205128205,23.4
1493,1291,2,1,4.99,1,180.25333333333333,19.8
1494,1292,1,1,4.99,1,180.25333333333333,21.0
1495,1293,3,1,4.99,6,267.6878205128205,22.8
1496,1294,3,1,4.99,6,267.6878205128205,21.6
1497,1295,3,1,4.99,1,180.25333333333333,26.4
1498,1296,1,1,9.99,1,180.25333333333333,24.6
1499,1297,1,1,4.99,8,5.245666666666667,20.4
1500,1298,1,1,4.99,6,267.6878205128205,19.8
1501,1299,0,0,4.99,0,21.729166666666668,25.8
1502,1300,0,0,4.99,0,21.729166666666668,38.4
1503,1301,3,1,4.99,3,5.302666666666667,24.0
1504,1302,1,1,4.99,1,180.25333333333333,29.4
1505,1303,2,1,9.99,5,10.183333333333334,24.0
1506,1304,3,1,4.99,1,180.25333333333333,31.2
1507,1305,0,1,5.99,6,267.6878205128205,23.4
1508,1306,0,1,4.99,1,180.25333333333333,25.8
1509,1307,1,1,4.99,6,267.6878205128205,32.4
1510,1308,3,2,4.99,9,8.653333333333332,33.0
1511,1309,2,1,4.99,1,180.25333333333333,34.8
1512,1310,2,0,4.99,9,8.653333333333332,30.0
1513,1311,1,1,4.99,1,180.25333333333333,35.4
1514,1312,2,1,4.99,1,180.25333333333333,28.2
1516,1313,2,1,4.99,5,10.183333333333334,30.0
1518,1314,3,1,4.99,6,267.6878205128205,35.4
1519,1315,1,1,4.99,6,267.6878205128205,40.8
1520,1316,3,1,4.99,1,180.25333333333333,34.8
1522,1317,1,1,4.99,1,180.25333333333333,25.8
1523,1318,2,2,4.99,2,9.986666666666666,31.8
1524,1319,3,1,4.99,1,180.25333333333333,35.4
1525,1320,3,1,4.99,1,180.25333333333333,43.2
1526,1321,0,1,4.99,6,267.6878205128205,38.4
1527,1322,2,1,4.99,1,180.25333333333333,28.2
1528,1323,0,1,4.99,1,180.25333333333333,27.6
1529,1324,3,1,4.99,1,180.25333333333333,36.0
1530,1325,2,1,4.99,1,180.25333333333333,34.8
1531,1326,3,1,4.99,6,267.6878205128205,42.6
1532,1327,1,1,4.99,1,180.25333333333333,37.2
1533,1328,2,3,4.99,0,21.729166666666668,34.2
1534,1329,2,1,5.99,6,267.6878205128205,29.4
1535,1330,2,1,4.99,1,180.25333333333333,33.6
1536,1331,0,1,4.99,1,180.25333333333333,35.4
1537,1332,2,3,4.99,0,21.729166666666668,35.4
1538,1333,1,1,9.99,5,10.183333333333334,31.8
1539,1334,2,0,4.99,7,28.616666666666667,36.0
1541,1335,0,1,4.99,1,180.25333333333333,21.6
1542,1336,1,1,4.99,1,180.25333333333333,20.4
1544,1337,3,1,4.99,1,180.25333333333333,30.6
1545,1338,1,1,4.99,1,180.25333333333333,28.2
1546,1339,3,1,5.99,6,267.6878205128205,25.8
1547,1340,0,1,4.99,6,267.6878205128205,22.8
1548,1341,3,1,9.99,6,267.6878205128205,28.8
1549,1342,0,2,4.99,7,28.616666666666667,26.4
1550,1343,2,0,4.99,9,8.653333333333332,22.2
1551,1344,3,3,4.99,2,9.986666666666666,26.4
1552,1345,3,1,4.99,1,180.25333333333333,27.6
1554,1346,3,1,4.99,1,180.25333333333333,34.2
1555,1347,3,1,9.99,6,267.6878205128205,24.0
1556,1348,1,1,4.99,1,180.25333333333333,19.2
1557,1349,0,0,5.99,9,8.653333333333332,31.2
1558,1350,3,0,4.99,0,21.729166666666668,40.2
1559,1351,2,2,4.99,2,9.986666666666666,40.8
1560,1352,2,2,5.99,4,11.95138888888889,36.6
1561,1353,0,1,4.99,1,180.25333333333333,42.0
1562,1354,3,1,4.99,6,267.6878205128205,34.2
1563,1355,3,2,4.99,0,21.729166666666668,38.4
1564,1356,3,1,4.99,1,180.25333333333333,36.0
1565,1357,2,0,4.99,0,21.729166666666668,46.8
1567,1358,1,0,4.99,9,8.653333333333332,53.4
1568,1359,1,1,4.99,1,180.25333333333333,45.0
1569,1360,0,2,4.99,2,9.986666666666666,45.6
1570,1361,3,1,4.99,1,180.25333333333333,40.2
1571,1362,3,0,4.99,7,28.616666666666667,43.8
1572,1363,3,1,4.99,1,180.25333333333333,41.4
1573,1364,0,1,4.99,6,267.6878205128205,44.4
1574,1365,1,1,4.99,1,180.25333333333333,48.6
1575,1366,3,1,4.99,1,180.25333333333333,34.8
1576,1367,1,1,4.99,1,180.25333333333333,31.8
1577,1368,1,1,4.99,1,180.25333333333333,26.4
1578,1369,0,3,4.99,0,21.729166666666668,27.0
1579,1370,3,1,4.99,1,180.25333333333333,30.0
1580,1371,3,1,4.99,1,180.25333333333333,28.2
1581,1372,3,1,4.99,1,180.25333333333333,30.6
1582,1373,2,3,5.99,2,9.986666666666666,30.6
1583,1374,3,1,4.99,6,267.6878205128205,24.0
1585,1375,3,1,4.99,6,267.6878205128205,28.2
1586,1376,1,1,4.99,6,267.6878205128205,39.6
1587,1377,3,1,4.99,1,180.25333333333333,31.8
1588,1378,0,1,4.99,6,267.6878205128205,33.6
1589,1379,2,2,4.99,4,11.95138888888889,37.2
1590,1380,3,1,4.99,1,180.25333333333333,22.2
1591,1381,0,0,4.99,7,28.616666666666667,31.8
1592,1382,2,1,4.99,1,180.25333333333333,42.0
1593,1383,3,1,4.99,6,267.6878205128205,37.2
1594,1384,3,1,4.99,5,10.183333333333334,40.8
1595,1385,2,1,4.99,1,180.25333333333333,42.0
1597,1386,3,1,4.99,1,180.25333333333333,16.8
1598,1387,2,1,4.99,1,180.25333333333333,16.8
1599,1388,2,1,4.99,1,180.25333333333333,17.6
1600,1389,3,3,4.99,9,8.653333333333332,12.8
1601,1390,1,1,4.99,1,180.25333333333333,14.4
1602,1391,3,1,4.99,6,267.6878205128205,16.0
1603,1392,2,1,5.99,6,267.6878205128205,11.2
1604,1393,1,1,4.99,6,267.6878205128205,10.4
1606,1394,0,1,4.99,1,180.25333333333333,16.8
1607,1395,3,1,4.99,5,10.183333333333334,14.4
1609,1396,1,2,4.99,2,9.986666666666666,15.2
1610,1397,2,2,4.99,2,9.986666666666666,11.2
1611,1398,0,1,4.99,1,180.25333333333333,9.6
1612,1399,3,1,4.99,1,180.25333333333333,11.2
1613,1400,0,1,4.99,1,180.25333333333333,16.0
1614,1401,1,1,5.99,6,267.6878205128205,16.8
1616,1402,3,1,4.99,1,180.25333333333333,18.4
1617,1403,0,1,4.99,1,180.25333333333333,15.2
1618,1404,0,1,4.99,1,180.25333333333333,16.8
1619,1405,3,1,19.99,5,10.183333333333334,16.0
1620,1406,1,1,4.99,6,267.6878205128205,21.6
1621,1407,2,1,4.99,1,180.25333333333333,16.8
1622,1408,1,1,19.99,6,267.6878205128205,16.0
1623,1409,0,2,5.99,9,8.653333333333332,19.2
1624,1410,3,2,9.99,4,11.95138888888889,9.6
1625,1411,3,1,4.99,5,10.183333333333334,8.8
1626,1412,3,1,4.99,6,267.6878205128205,10.4
1627,1413,0,1,4.99,6,267.6878205128205,10.4
1628,1414,1,1,4.99,1,180.25333333333333,8.8
1629,1415,3,1,4.99,6,267.6878205128205,7.2
1630,1416,1,1,4.99,1,180.25333333333333,5.6
1631,1417,0,1,4.99,1,180.25333333333333,5.6
1632,1418,1,1,4.99,1,180.25333333333333,0.8
1633,1419,2,1,4.99,1,180.25333333333333,4.8
1634,1420,3,1,4.99,1,180.25333333333333,4.8
1635,1421,3,1,4.99,1,180.25333333333333,6.4
1636,1422,3,1,4.99,1,180.25333333333333,9.6
1637,1423,0,1,4.99,1,180.25333333333333,4.8
1638,1424,1,1,4.99,6,267.6878205128205,5.6
1639,1425,2,3,4.99,0,21.729166666666668,4.0
1640,1426,0,1,4.99,1,180.25333333333333,7.2
1641,1427,0,2,4.99,0,21.729166666666668,6.4
1642,1428,2,1,4.99,3,5.302666666666667,8.0
1643,1429,3,1,9.99,3,5.302666666666667,4.0
1644,1430,3,1,4.99,1,180.25333333333333,4.0
1645,1431,3,1,4.99,6,267.6878205128205,3.2
1647,1432,1,1,4.99,6,267.6878205128205,4.8
1648,1433,3,1,5.99,6,267.6878205128205,8.8
1649,1434,1,1,4.99,1,180.25333333333333,8.0
1650,1435,2,1,4.99,1,180.25333333333333,9.6
1651,1436,1,1,4.99,6,267.6878205128205,11.2
1652,1437,1,1,4.99,1,180.25333333333333,4.8
1653,1438,3,1,4.99,1,180.25333333333333,5.6
1655,1439,1,1,4.99,6,267.6878205128205,11.2
1656,1440,3,1,19.99,1,180.25333333333333,8.0
1657,1441,3,1,4.99,6,267.6878205128205,8.0
1658,1442,3,1,4.99,1,180.25333333333333,8.0
1660,1443,0,1,4.99,1,180.25333333333333,8.0
1661,1444,3,1,4.99,6,267.6878205128205,9.6
1663,1445,3,1,4.99,5,10.183333333333334,7.2
1664,1446,3,1,4.99,3,5.302666666666667,4.8
1666,1447,1,1,4.99,1,180.25333333333333,8.8
1668,1448,3,1,4.99,1,180.25333333333333,4.0
1669,1449,1,1,4.99,6,267.6878205128205,6.4
1670,1450,1,1,4.99,1,180.25333333333333,9.6
1671,1451,3,1,4.99,6,267.6878205128205,6.4
1673,1452,0,1,4.99,1,180.25333333333333,4.0
1676,1453,1,1,9.99,6,267.6878205128205,4.8
1677,1454,1,1,4.99,1,180.25333333333333,10.4
1678,1455,2,3,19.99,0,21.729166666666668,4.8
1679,1456,3,3,4.99,0,21.729166666666668,8.0
1681,1457,2,3,4.99,9,8.653333333333332,6.4
1682,1458,1,1,4.99,1,180.25333333333333,8.0
1684,1459,2,1,4.99,6,267.6878205128205,9.6
1686,1460,3,1,4.99,1,180.25333333333333,9.6
1687,1461,2,1,5.99,6,267.6878205128205,6.4
1688,1462,3,1,4.99,1,180.25333333333333,7.2
1689,1463,1,1,4.99,6,267.6878205128205,6.4
1690,1464,1,3,4.99,9,8.653333333333332,8.0
1691,1465,2,2,4.99,2,9.986666666666666,7.2
1692,1466,0,3,4.99,9,8.653333333333332,4.0
1693,1467,3,1,4.99,8,5.245666666666667,5.6
1694,1468,0,1,4.99,6,267.6878205128205,4.8
1696,1469,2,1,4.99,1,180.25333333333333,9.6
1698,1470,3,1,4.99,1,180.25333333333333,6.4
1699,1471,3,1,4.99,1,180.25333333333333,6.4
1700,1472,0,1,4.99,6,267.6878205128205,6.4
1702,1473,3,1,4.99,1,180.25333333333333,7.2
1703,1474,3,1,4.99,1,180.25333333333333,8.8
1704,1475,1,1,4.99,1,180.25333333333333,7.2
1706,1476,3,1,4.99,1,180.25333333333333,6.4
1707,1477,1,0,4.99,2,9.986666666666666,9.6
1708,1478,1,1,4.99,1,180.25333333333333,17.6
1710,1479,2,0,4.99,7,28.616666666666667,4.8
1711,1480,1,1,4.99,6,267.6878205128205,3.2
1712,1481,3,1,4.99,1,180.25333333333333,9.6
1713,1482,3,1,4.99,6,267.6878205128205,4.8
1714,1483,0,1,4.99,1,180.25333333333333,10.4
1716,1484,0,1,4.99,6,267.6878205128205,5.6
1717,1485,3,1,4.99,6,267.6878205128205,9.6
1718,1486,0,1,4.99,1,180.25333333333333,9.6
1719,1487,3,1,4.99,1,180.25333333333333,8.8
1720,1488,3,1,4.99,1,180.25333333333333,10.4
1721,1489,1,1,4.99,6,267.6878205128205,5.6
1722,1490,0,1,4.99,1,180.25333333333333,4.0
1723,1491,3,1,4.99,1,180.25333333333333,5.6
1724,1492,1,1,5.99,6,267.6878205128205,6.4
1725,1493,0,1,4.99,1,180.25333333333333,8.8
1727,1494,0,1,4.99,1,180.25333333333333,7.2
1728,1495,3,1,4.99,1,180.25333333333333,4.0
1729,1496,0,1,4.99,1,180.25333333333333,5.6
1730,1497,2,2,4.99,7,28.616666666666667,4.8
1731,1498,3,1,4.99,6,267.6878205128205,6.4
1732,1499,3,1,4.99,1,180.25333333333333,6.4
1733,1500,1,1,4.99,1,180.25333333333333,7.2
1734,1501,2,2,5.99,9,8.653333333333332,6.4
1735,1502,0,1,4.99,6,267.6878205128205,5.6
1736,1503,1,1,4.99,1,180.25333333333333,5.6
1737,1504,2,2,4.99,4,11.95138888888889,6.4
1738,1505,1,1,4.99,6,267.6878205128205,9.6
1739,1506,3,1,4.99,1,180.25333333333333,17.6
1740,1507,0,3,4.99,4,11.95138888888889,6.4
1741,1508,0,1,4.99,1,180.25333333333333,12.8
1742,1509,3,1,4.99,1,180.25333333333333,11.2
1743,1510,2,2,19.99,0,21.729166666666668,7.2
1746,1511,2,1,4.99,6,267.6878205128205,16.8
1747,1512,2,1,4.99,5,10.183333333333334,11.2
1749,1513,1,1,4.99,6,267.6878205128205,6.4
1750,1514,0,1,4.99,1,180.25333333333333,5.6
1751,1515,0,1,4.99,6,267.6878205128205,6.4
1752,1516,1,1,4.99,6,267.6878205128205,12.8
1754,1517,2,2,4.99,2,9.986666666666666,8.8
1755,1518,3,0,4.99,4,11.95138888888889,13.6
1756,1519,1,1,4.99,1,180.25333333333333,11.2
1758,1520,0,0,4.99,0,21.729166666666668,4.0
1759,1521,3,1,4.99,1,180.25333333333333,4.0
1760,1522,3,0,4.99,2,9.986666666666666,8.8
1762,1523,0,1,4.99,1,180.25333333333333,5.6
1763,1524,0,1,4.99,6,267.6878205128205,8.8
1764,1525,3,1,4.99,6,267.6878205128205,8.0
1765,1526,0,1,4.99,1,180.25333333333333,2.4
1767,1527,1,2,4.99,7,28.616666666666667,5.6
1768,1528,0,1,4.99,1,180.25333333333333,8.8
1769,1529,3,1,4.99,6,267.6878205128205,7.2
1770,1530,3,3,4.99,7,28.616666666666667,6.4
1771,1531,0,1,4.99,8,5.245666666666667,4.0
1773,1532,0,1,4.99,1,180.25333333333333,8.8
1774,1533,2,1,4.99,3,5.302666666666667,8.8
1775,1534,3,1,5.99,1,180.25333333333333,12.0
