dt,Channel,costs
2022-05-01,MediaTornado,6.24
2022-05-02,MediaTornado,5.04
2022-05-03,MediaTornado,6.96
2022-05-04,MediaTornado,9.36
2022-05-05,MediaTornado,11.04
2022-05-06,MediaTornado,9.6
2022-05-07,MediaTornado,8.879999999999999
2022-05-08,MediaTornado,6.72
2022-05-09,MediaTornado,6.72
2022-05-10,MediaTornado,8.64
2022-05-11,MediaTornado,11.52
2022-05-12,MediaTornado,9.6
2022-05-13,MediaTornado,8.879999999999999
2022-05-14,MediaTornado,7.199999999999999
2022-05-15,MediaTornado,7.199999999999999
2022-05-16,MediaTornado,11.28
2022-05-17,MediaTornado,7.199999999999999
2022-05-18,MediaTornado,8.64
2022-05-19,MediaTornado,8.64
2022-05-20,MediaTornado,8.4
2022-05-21,MediaTornado,6.48
2022-05-22,MediaTornado,8.16
2022-05-23,MediaTornado,6.72
2022-05-24,MediaTornado,5.76
2022-05-25,MediaTornado,7.92
2022-05-26,MediaTornado,6.72
2022-05-27,MediaTornado,7.199999999999999
2022-05-28,MediaTornado,6.72
2022-05-29,MediaTornado,5.52
2022-05-30,MediaTornado,3.84
2022-05-31,MediaTornado,5.76
2022-06-01,MediaTornado,4.32
2022-06-02,MediaTornado,3.6
2022-06-03,MediaTornado,4.32
2022-06-04,MediaTornado,4.32
2022-06-05,MediaTornado,2.64
2022-06-06,MediaTornado,3.84
2022-06-07,MediaTornado,5.52
2022-06-08,MediaTornado,3.6
2022-06-09,MediaTornado,3.36
2022-06-10,MediaTornado,5.52
2022-06-11,MediaTornado,2.64
2022-06-12,MediaTornado,3.36
2022-06-13,MediaTornado,4.08
2022-06-14,MediaTornado,5.04
2022-06-15,MediaTornado,3.84
2022-06-16,MediaTornado,5.279999999999999
2022-06-17,MediaTornado,5.279999999999999
2022-06-18,MediaTornado,3.12
2022-06-19,MediaTornado,3.12
2022-06-20,MediaTornado,3.6
2022-06-21,MediaTornado,4.08
2022-06-22,MediaTornado,5.76
2022-06-23,MediaTornado,7.199999999999999
2022-06-24,MediaTornado,6.0
2022-06-25,MediaTornado,5.279999999999999
2022-06-26,MediaTornado,5.279999999999999
2022-06-27,MediaTornado,6.24
2022-06-28,MediaTornado,6.96
2022-06-29,MediaTornado,5.52
2022-06-30,MediaTornado,5.279999999999999
2022-07-01,MediaTornado,6.48
2022-07-02,MediaTornado,6.24
2022-07-03,MediaTornado,7.439999999999999
2022-07-04,MediaTornado,6.72
2022-07-05,MediaTornado,6.48
2022-07-06,MediaTornado,6.0
2022-07-07,MediaTornado,4.08
2022-07-08,MediaTornado,4.08
2022-07-09,MediaTornado,4.32
2022-07-10,MediaTornado,3.6
2022-07-11,MediaTornado,5.279999999999999
2022-07-12,MediaTornado,4.8
2022-07-13,MediaTornado,4.8
2022-07-14,MediaTornado,1.92
2022-07-15,MediaTornado,6.0
2022-07-16,MediaTornado,1.92
2022-07-17,MediaTornado,4.32
2022-07-18,MediaTornado,2.4
2022-07-19,MediaTornado,2.88
2022-07-20,MediaTornado,3.36
2022-07-21,MediaTornado,5.52
2022-07-22,MediaTornado,3.12
2022-07-23,MediaTornado,3.84
2022-07-24,MediaTornado,2.88
2022-07-25,MediaTornado,4.08
2022-07-26,MediaTornado,3.84
2022-07-27,MediaTornado,3.12
2022-07-28,MediaTornado,4.32
2022-07-29,MediaTornado,6.24
2022-07-30,MediaTornado,3.84
2022-07-31,MediaTornado,4.56
2022-08-01,MediaTornado,6.0
2022-08-02,MediaTornado,2.64
2022-08-03,MediaTornado,4.8
2022-08-04,MediaTornado,6.96
2022-08-05,MediaTornado,4.8
2022-08-06,MediaTornado,4.08
2022-08-07,MediaTornado,3.6
2022-08-08,MediaTornado,3.6
2022-08-09,MediaTornado,5.279999999999999
2022-08-10,MediaTornado,3.84
2022-08-11,MediaTornado,3.84
2022-08-12,MediaTornado,6.0
2022-08-13,MediaTornado,5.52
2022-08-14,MediaTornado,5.52
2022-08-15,MediaTornado,4.8
2022-08-16,MediaTornado,4.08
2022-08-17,MediaTornado,8.16
2022-08-18,MediaTornado,6.72
2022-08-19,MediaTornado,5.52
2022-08-20,MediaTornado,4.32
2022-08-21,MediaTornado,5.279999999999999
2022-08-22,MediaTornado,3.6
2022-08-23,MediaTornado,5.279999999999999
2022-08-24,MediaTornado,5.52
2022-08-25,MediaTornado,5.76
2022-08-26,MediaTornado,4.8
2022-08-27,MediaTornado,5.279999999999999
2022-08-28,MediaTornado,7.199999999999999
2022-08-29,MediaTornado,4.8
2022-08-30,MediaTornado,3.36
2022-08-31,MediaTornado,3.6
2022-09-01,MediaTornado,4.8
2022-09-02,MediaTornado,5.04
2022-09-03,MediaTornado,2.88
2022-09-04,MediaTornado,3.36
2022-09-05,MediaTornado,4.32
2022-09-06,MediaTornado,5.52
2022-09-07,MediaTornado,5.04
2022-09-08,MediaTornado,4.08
2022-09-09,MediaTornado,2.88
2022-09-10,MediaTornado,3.36
2022-09-11,MediaTornado,2.16
2022-09-12,MediaTornado,1.92
2022-09-13,MediaTornado,4.8
2022-09-14,MediaTornado,5.76
2022-09-15,MediaTornado,5.04
2022-09-16,MediaTornado,2.16
2022-09-17,MediaTornado,3.6
2022-09-18,MediaTornado,3.84
2022-09-19,MediaTornado,3.6
2022-09-20,MediaTornado,6.24
2022-09-21,MediaTornado,6.48
2022-09-22,MediaTornado,4.32
2022-09-23,MediaTornado,4.8
2022-09-24,MediaTornado,6.72
2022-09-25,MediaTornado,6.72
2022-09-26,MediaTornado,5.04
2022-09-27,MediaTornado,6.48
2022-09-28,MediaTornado,8.64
2022-09-29,MediaTornado,9.84
2022-09-30,MediaTornado,5.279999999999999
2022-10-01,MediaTornado,6.0
2022-10-02,MediaTornado,6.72
2022-10-03,MediaTornado,7.68
2022-10-04,MediaTornado,6.96
2022-10-05,MediaTornado,5.52
2022-10-06,MediaTornado,3.84
2022-10-07,MediaTornado,4.56
2022-10-08,MediaTornado,3.6
2022-10-09,MediaTornado,5.52
2022-10-10,MediaTornado,5.76
2022-10-11,MediaTornado,5.52
2022-10-12,MediaTornado,7.199999999999999
2022-10-13,MediaTornado,4.8
2022-10-14,MediaTornado,5.76
2022-10-15,MediaTornado,3.36
2022-10-16,MediaTornado,4.56
2022-10-17,MediaTornado,3.36
2022-10-18,MediaTornado,4.32
2022-10-19,MediaTornado,3.36
2022-10-20,MediaTornado,4.32
2022-10-21,MediaTornado,6.24
2022-10-22,MediaTornado,3.36
2022-10-23,MediaTornado,5.279999999999999
2022-10-24,MediaTornado,5.04
2022-10-25,MediaTornado,6.24
2022-10-26,MediaTornado,6.72
2022-10-27,MediaTornado,4.56
2022-05-01,RocketSuperAds,21.06
2022-05-02,RocketSuperAds,16.965000000000003
2022-05-03,RocketSuperAds,16.380000000000003
2022-05-04,RocketSuperAds,17.55
2022-05-05,RocketSuperAds,27.495000000000005
2022-05-06,RocketSuperAds,21.645000000000003
2022-05-07,RocketSuperAds,18.72
2022-05-08,RocketSuperAds,18.135
2022-05-09,RocketSuperAds,18.72
2022-05-10,RocketSuperAds,22.230000000000004
2022-05-11,RocketSuperAds,18.72
2022-05-12,RocketSuperAds,21.06
2022-05-13,RocketSuperAds,17.55
2022-05-14,RocketSuperAds,18.135
2022-05-15,RocketSuperAds,15.210000000000004
2022-05-16,RocketSuperAds,19.890000000000004
2022-05-17,RocketSuperAds,19.890000000000004
2022-05-18,RocketSuperAds,22.815
2022-05-19,RocketSuperAds,24.570000000000004
2022-05-20,RocketSuperAds,16.965000000000003
2022-05-21,RocketSuperAds,17.55
2022-05-22,RocketSuperAds,20.475
2022-05-23,RocketSuperAds,16.965000000000003
2022-05-24,RocketSuperAds,16.965000000000003
2022-05-25,RocketSuperAds,23.4
2022-05-26,RocketSuperAds,18.72
2022-05-27,RocketSuperAds,18.135
2022-05-28,RocketSuperAds,16.380000000000003
2022-05-29,RocketSuperAds,12.285000000000002
2022-05-30,RocketSuperAds,11.7
2022-05-31,RocketSuperAds,11.7
2022-06-01,RocketSuperAds,14.625000000000002
2022-06-02,RocketSuperAds,12.87
2022-06-03,RocketSuperAds,9.945000000000002
2022-06-04,RocketSuperAds,6.4350000000000005
2022-06-05,RocketSuperAds,11.115000000000002
2022-06-06,RocketSuperAds,8.775
2022-06-07,RocketSuperAds,12.87
2022-06-08,RocketSuperAds,10.53
2022-06-09,RocketSuperAds,16.380000000000003
2022-06-10,RocketSuperAds,12.285000000000002
2022-06-11,RocketSuperAds,5.8500000000000005
2022-06-12,RocketSuperAds,7.020000000000001
2022-06-13,RocketSuperAds,6.4350000000000005
2022-06-14,RocketSuperAds,8.190000000000001
2022-06-15,RocketSuperAds,9.945000000000002
2022-06-16,RocketSuperAds,13.455000000000002
2022-06-17,RocketSuperAds,8.190000000000001
2022-06-18,RocketSuperAds,10.53
2022-06-19,RocketSuperAds,7.605000000000001
2022-06-20,RocketSuperAds,9.36
2022-06-21,RocketSuperAds,10.53
2022-06-22,RocketSuperAds,18.72
2022-06-23,RocketSuperAds,15.795000000000002
2022-06-24,RocketSuperAds,12.285000000000002
2022-06-25,RocketSuperAds,9.555
2022-06-26,RocketSuperAds,12.739999999999998
2022-06-27,RocketSuperAds,12.284999999999998
2022-06-28,RocketSuperAds,10.465
2022-06-29,RocketSuperAds,6.824999999999999
2022-06-30,RocketSuperAds,14.105
2022-07-01,RocketSuperAds,9.1
2022-07-02,RocketSuperAds,13.195
2022-07-03,RocketSuperAds,10.919999999999998
2022-07-04,RocketSuperAds,8.645
2022-07-05,RocketSuperAds,15.47
2022-07-06,RocketSuperAds,9.1
2022-07-07,RocketSuperAds,8.645
2022-07-08,RocketSuperAds,7.279999999999999
2022-07-09,RocketSuperAds,7.734999999999999
2022-07-10,RocketSuperAds,10.465
2022-07-11,RocketSuperAds,8.19
2022-07-12,RocketSuperAds,6.369999999999999
2022-07-13,RocketSuperAds,7.279999999999999
2022-07-14,RocketSuperAds,8.645
2022-07-15,RocketSuperAds,4.095
2022-07-16,RocketSuperAds,5.459999999999999
2022-07-17,RocketSuperAds,5.914999999999999
2022-07-18,RocketSuperAds,2.7299999999999995
2022-07-19,RocketSuperAds,8.19
2022-07-20,RocketSuperAds,10.01
2022-07-21,RocketSuperAds,5.459999999999999
2022-07-22,RocketSuperAds,9.1
2022-07-23,RocketSuperAds,7.734999999999999
2022-07-24,RocketSuperAds,7.279999999999999
2022-07-25,RocketSuperAds,4.55
2022-07-26,RocketSuperAds,7.279999999999999
2022-07-27,RocketSuperAds,9.555
2022-07-28,RocketSuperAds,9.1
2022-07-29,RocketSuperAds,10.01
2022-07-30,RocketSuperAds,7.279999999999999
2022-07-31,RocketSuperAds,7.279999999999999
2022-08-01,RocketSuperAds,6.369999999999999
2022-08-02,RocketSuperAds,7.279999999999999
2022-08-03,RocketSuperAds,13.195
2022-08-04,RocketSuperAds,10.465
2022-08-05,RocketSuperAds,14.56
2022-08-06,RocketSuperAds,10.919999999999998
2022-08-07,RocketSuperAds,7.279999999999999
2022-08-08,RocketSuperAds,5.914999999999999
2022-08-09,RocketSuperAds,11.374999999999998
2022-08-10,RocketSuperAds,12.284999999999998
2022-08-11,RocketSuperAds,7.279999999999999
2022-08-12,RocketSuperAds,5.914999999999999
2022-08-13,RocketSuperAds,8.645
2022-08-14,RocketSuperAds,8.19
2022-08-15,RocketSuperAds,11.374999999999998
2022-08-16,RocketSuperAds,10.01
2022-08-17,RocketSuperAds,6.824999999999999
2022-08-18,RocketSuperAds,11.05
2022-08-19,RocketSuperAds,6.5
2022-08-20,RocketSuperAds,6.175
2022-08-21,RocketSuperAds,3.575
2022-08-22,RocketSuperAds,7.475
2022-08-23,RocketSuperAds,3.9
2022-08-24,RocketSuperAds,6.825
2022-08-25,RocketSuperAds,5.8500000000000005
2022-08-26,RocketSuperAds,8.775
2022-08-27,RocketSuperAds,8.125
2022-08-28,RocketSuperAds,7.475
2022-08-29,RocketSuperAds,5.8500000000000005
2022-08-30,RocketSuperAds,5.8500000000000005
2022-08-31,RocketSuperAds,7.800000000000001
2022-09-01,RocketSuperAds,7.475
2022-09-02,RocketSuperAds,6.175
2022-09-03,RocketSuperAds,5.525
2022-09-04,RocketSuperAds,5.525
2022-09-05,RocketSuperAds,5.525
2022-09-06,RocketSuperAds,4.55
2022-09-07,RocketSuperAds,6.175
2022-09-08,RocketSuperAds,7.15
2022-09-09,RocketSuperAds,4.2250000000000005
2022-09-10,RocketSuperAds,6.175
2022-09-11,RocketSuperAds,4.2250000000000005
2022-09-12,RocketSuperAds,4.2250000000000005
2022-09-13,RocketSuperAds,6.175
2022-09-14,RocketSuperAds,8.450000000000001
2022-09-15,RocketSuperAds,7.475
2022-09-16,RocketSuperAds,6.175
2022-09-17,RocketSuperAds,7.475
2022-09-18,RocketSuperAds,8.775
2022-09-19,RocketSuperAds,8.450000000000001
2022-09-20,RocketSuperAds,8.125
2022-09-21,RocketSuperAds,7.800000000000001
2022-09-22,RocketSuperAds,9.425
2022-09-23,RocketSuperAds,10.4
2022-09-24,RocketSuperAds,9.75
2022-09-25,RocketSuperAds,7.800000000000001
2022-09-26,RocketSuperAds,7.475
2022-09-27,RocketSuperAds,6.5
2022-09-28,RocketSuperAds,11.375
2022-09-29,RocketSuperAds,10.4
2022-09-30,RocketSuperAds,9.425
2022-10-01,RocketSuperAds,10.075
2022-10-02,RocketSuperAds,7.800000000000001
2022-10-03,RocketSuperAds,7.475
2022-10-04,RocketSuperAds,10.4
2022-10-05,RocketSuperAds,11.7
2022-10-06,RocketSuperAds,9.425
2022-10-07,RocketSuperAds,8.450000000000001
2022-10-08,RocketSuperAds,7.475
2022-10-09,RocketSuperAds,7.800000000000001
2022-10-10,RocketSuperAds,8.450000000000001
2022-10-11,RocketSuperAds,7.475
2022-10-12,RocketSuperAds,6.5
2022-10-13,RocketSuperAds,5.525
2022-10-14,RocketSuperAds,6.5
2022-10-15,RocketSuperAds,5.525
2022-10-16,RocketSuperAds,2.9250000000000003
2022-10-17,RocketSuperAds,8.450000000000001
2022-10-18,RocketSuperAds,7.15
2022-10-19,RocketSuperAds,8.125
2022-10-20,RocketSuperAds,7.800000000000001
2022-10-21,RocketSuperAds,11.05
2022-10-22,RocketSuperAds,6.5
2022-10-23,RocketSuperAds,5.525
2022-10-24,RocketSuperAds,5.8500000000000005
2022-10-25,RocketSuperAds,7.15
2022-10-26,RocketSuperAds,4.55
2022-10-27,RocketSuperAds,10.075
2022-05-02,TipTop,55.0
2022-05-08,TipTop,57.0
2022-05-09,TipTop,46.0
2022-05-12,TipTop,56.0
2022-05-14,TipTop,60.0
2022-05-15,TipTop,49.0
2022-05-16,TipTop,59.0
2022-05-19,TipTop,58.0
2022-05-01,YRabbit,8.1
2022-05-02,YRabbit,9.9
2022-05-03,YRabbit,9.0
2022-05-04,YRabbit,15.6
2022-05-05,YRabbit,9.6
2022-05-06,YRabbit,10.5
2022-05-07,YRabbit,9.3
2022-05-08,YRabbit,12.6
2022-05-09,YRabbit,11.1
2022-05-10,YRabbit,10.5
2022-05-11,YRabbit,11.1
2022-05-12,YRabbit,10.8
2022-05-13,YRabbit,14.7
2022-05-14,YRabbit,9.0
2022-05-15,YRabbit,6.9
2022-05-16,YRabbit,9.0
2022-05-17,YRabbit,6.3
2022-05-18,YRabbit,11.1
2022-05-19,YRabbit,12.3
2022-05-20,YRabbit,9.6
2022-05-21,YRabbit,12.3
2022-05-22,YRabbit,6.0
2022-05-23,YRabbit,8.4
2022-05-24,YRabbit,8.4
2022-05-25,YRabbit,10.5
2022-05-26,YRabbit,10.2
2022-05-27,YRabbit,10.2
2022-05-28,YRabbit,7.5
2022-05-29,YRabbit,4.8
2022-05-30,YRabbit,6.6
2022-05-31,YRabbit,7.8
2022-06-01,YRabbit,5.4
2022-06-02,YRabbit,7.5
2022-06-03,YRabbit,2.7
2022-06-04,YRabbit,3.9
2022-06-05,YRabbit,6.0
2022-06-06,YRabbit,4.2
2022-06-07,YRabbit,2.52
2022-06-08,YRabbit,4.14
2022-06-09,YRabbit,2.34
2022-06-10,YRabbit,2.34
2022-06-11,YRabbit,1.7999999999999998
2022-06-12,YRabbit,1.26
2022-06-13,YRabbit,1.44
2022-06-14,YRabbit,3.78
2022-06-15,YRabbit,4.14
2022-06-16,YRabbit,2.7
2022-06-17,YRabbit,2.88
2022-06-18,YRabbit,2.34
2022-06-19,YRabbit,2.52
2022-06-20,YRabbit,2.52
2022-06-21,YRabbit,3.6
2022-06-22,YRabbit,5.04
2022-06-23,YRabbit,3.24
2022-06-24,YRabbit,4.14
2022-06-25,YRabbit,3.78
2022-06-26,YRabbit,3.24
2022-06-27,YRabbit,3.42
2022-06-28,YRabbit,4.14
2022-06-29,YRabbit,4.5
2022-06-30,YRabbit,4.68
2022-07-01,YRabbit,5.22
2022-07-02,YRabbit,5.58
2022-07-03,YRabbit,2.52
2022-07-04,YRabbit,3.06
2022-07-05,YRabbit,4.32
2022-07-06,YRabbit,3.96
2022-07-07,YRabbit,3.6
2022-07-08,YRabbit,3.06
2022-07-09,YRabbit,2.16
2022-07-10,YRabbit,2.52
2022-07-11,YRabbit,1.98
2022-07-12,YRabbit,4.14
2022-07-13,YRabbit,2.7
2022-07-14,YRabbit,2.88
2022-07-15,YRabbit,1.26
2022-07-16,YRabbit,2.52
2022-07-17,YRabbit,1.7999999999999998
2022-07-18,YRabbit,1.98
2022-07-19,YRabbit,1.62
2022-07-20,YRabbit,3.78
2022-07-21,YRabbit,2.7
2022-07-22,YRabbit,4.32
2022-07-23,YRabbit,2.52
2022-07-24,YRabbit,2.16
2022-07-25,YRabbit,1.62
2022-07-26,YRabbit,4.32
2022-07-27,YRabbit,3.6
2022-07-28,YRabbit,4.32
2022-07-29,YRabbit,3.42
2022-07-30,YRabbit,3.96
2022-07-31,YRabbit,3.78
2022-08-01,YRabbit,2.52
2022-08-02,YRabbit,4.2
2022-08-03,YRabbit,4.83
2022-08-04,YRabbit,4.62
2022-08-05,YRabbit,4.83
2022-08-06,YRabbit,3.99
2022-08-07,YRabbit,3.36
2022-08-08,YRabbit,3.57
2022-08-09,YRabbit,4.62
2022-08-10,YRabbit,4.2
2022-08-11,YRabbit,3.99
2022-08-12,YRabbit,3.57
2022-08-13,YRabbit,2.73
2022-08-14,YRabbit,3.36
2022-08-15,YRabbit,3.36
2022-08-16,YRabbit,5.25
2022-08-17,YRabbit,5.04
2022-08-18,YRabbit,5.25
2022-08-19,YRabbit,4.2
2022-08-20,YRabbit,2.73
2022-08-21,YRabbit,3.78
2022-08-22,YRabbit,4.2
2022-08-23,YRabbit,5.67
2022-08-24,YRabbit,4.41
2022-08-25,YRabbit,5.04
2022-08-26,YRabbit,3.78
2022-08-27,YRabbit,3.99
2022-08-28,YRabbit,3.57
2022-08-29,YRabbit,3.78
2022-08-30,YRabbit,2.73
2022-08-31,YRabbit,3.57
2022-09-01,YRabbit,2.94
2022-09-02,YRabbit,5.04
2022-09-03,YRabbit,2.73
2022-09-04,YRabbit,3.6
2022-09-05,YRabbit,4.56
2022-09-06,YRabbit,4.56
2022-09-07,YRabbit,4.08
2022-09-08,YRabbit,3.36
2022-09-09,YRabbit,3.36
2022-09-10,YRabbit,3.12
2022-09-11,YRabbit,3.36
2022-09-12,YRabbit,4.32
2022-09-13,YRabbit,5.279999999999999
2022-09-14,YRabbit,5.04
2022-09-15,YRabbit,5.279999999999999
2022-09-16,YRabbit,4.56
2022-09-17,YRabbit,3.84
2022-09-18,YRabbit,5.76
2022-09-19,YRabbit,5.279999999999999
2022-09-20,YRabbit,6.48
2022-09-21,YRabbit,6.48
2022-09-22,YRabbit,7.199999999999999
2022-09-23,YRabbit,6.0
2022-09-24,YRabbit,7.92
2022-09-25,YRabbit,4.8
2022-09-26,YRabbit,6.0
2022-09-27,YRabbit,5.52
2022-09-28,YRabbit,7.68
2022-09-29,YRabbit,9.6
2022-09-30,YRabbit,5.04
2022-10-01,YRabbit,6.24
2022-10-02,YRabbit,6.0
2022-10-03,YRabbit,6.48
2022-10-04,YRabbit,6.96
2022-10-05,YRabbit,8.16
2022-10-06,YRabbit,6.48
2022-10-07,YRabbit,3.84
2022-10-08,YRabbit,4.56
2022-10-09,YRabbit,3.84
2022-10-10,YRabbit,5.279999999999999
2022-10-11,YRabbit,6.75
2022-10-12,YRabbit,8.370000000000001
2022-10-13,YRabbit,5.67
2022-10-14,YRabbit,5.130000000000001
2022-10-15,YRabbit,3.78
2022-10-16,YRabbit,4.86
2022-10-17,YRabbit,5.94
2022-10-18,YRabbit,5.67
2022-10-19,YRabbit,5.67
2022-10-20,YRabbit,5.4
2022-10-21,YRabbit,4.32
2022-10-22,YRabbit,5.94
2022-10-23,YRabbit,6.48
2022-10-24,YRabbit,7.290000000000001
2022-10-25,YRabbit,7.56
2022-10-26,YRabbit,5.67
2022-10-27,YRabbit,11.07
2022-05-01,AdNonSense,40.95
2022-05-02,AdNonSense,34.65
2022-05-03,AdNonSense,47.25
2022-05-04,AdNonSense,51.45
2022-05-05,AdNonSense,36.75
2022-05-06,AdNonSense,43.05
2022-05-07,AdNonSense,30.450000000000003
2022-05-08,AdNonSense,37.8
2022-05-09,AdNonSense,37.8
2022-05-10,AdNonSense,46.2
2022-05-11,AdNonSense,33.6
2022-05-12,AdNonSense,44.1
2022-05-13,AdNonSense,38.85
2022-05-14,AdNonSense,35.7
2022-05-15,AdNonSense,23.1
2022-05-16,AdNonSense,32.550000000000004
2022-05-17,AdNonSense,35.7
2022-05-18,AdNonSense,46.2
2022-05-19,AdNonSense,53.55
2022-05-20,AdNonSense,36.75
2022-05-21,AdNonSense,35.7
2022-05-22,AdNonSense,34.65
2022-05-23,AdNonSense,38.85
2022-05-24,AdNonSense,37.8
2022-05-25,AdNonSense,43.05
2022-05-26,AdNonSense,39.9
2022-05-27,AdNonSense,56.7
2022-05-28,AdNonSense,46.2
2022-05-29,AdNonSense,14.7
2022-05-30,AdNonSense,13.65
2022-05-31,AdNonSense,22.05
2022-06-01,AdNonSense,18.9
2022-06-02,AdNonSense,30.450000000000003
2022-06-03,AdNonSense,15.75
2022-06-04,AdNonSense,16.8
2022-06-05,AdNonSense,18.9
2022-06-06,AdNonSense,11.55
2022-06-07,AdNonSense,11.55
2022-06-08,AdNonSense,15.75
2022-06-09,AdNonSense,12.6
2022-06-10,AdNonSense,17.85
2022-06-11,AdNonSense,14.7
2022-06-12,AdNonSense,9.45
2022-06-13,AdNonSense,9.45
2022-06-14,AdNonSense,9.45
2022-06-15,AdNonSense,12.6
2022-06-16,AdNonSense,23.1
2022-06-17,AdNonSense,17.85
2022-06-18,AdNonSense,9.45
2022-06-19,AdNonSense,14.7
2022-06-20,AdNonSense,25.200000000000003
2022-06-21,AdNonSense,19.95
2022-06-22,AdNonSense,28.35
2022-06-23,AdNonSense,26.25
2022-06-24,AdNonSense,17.85
2022-06-25,AdNonSense,21.0
2022-06-26,AdNonSense,16.8
2022-06-27,AdNonSense,17.85
2022-06-28,AdNonSense,18.9
2022-06-29,AdNonSense,30.450000000000003
2022-06-30,AdNonSense,25.200000000000003
2022-07-01,AdNonSense,14.7
2022-07-02,AdNonSense,22.05
2022-07-03,AdNonSense,18.9
2022-07-04,AdNonSense,11.55
2022-07-05,AdNonSense,23.1
2022-07-06,AdNonSense,19.95
2022-07-07,AdNonSense,19.95
2022-07-08,AdNonSense,24.15
2022-07-09,AdNonSense,9.45
2022-07-10,AdNonSense,7.35
2022-07-11,AdNonSense,17.85
2022-07-12,AdNonSense,15.75
2022-07-13,AdNonSense,17.85
2022-07-14,AdNonSense,13.65
2022-07-15,AdNonSense,10.5
2022-07-16,AdNonSense,10.5
2022-07-17,AdNonSense,17.85
2022-07-18,AdNonSense,19.95
2022-07-19,AdNonSense,16.8
2022-07-20,AdNonSense,11.55
2022-07-21,AdNonSense,10.5
2022-07-22,AdNonSense,28.35
2022-07-23,AdNonSense,11.55
2022-07-24,AdNonSense,11.55
2022-07-25,AdNonSense,12.6
2022-07-26,AdNonSense,15.75
2022-07-27,AdNonSense,13.65
2022-07-28,AdNonSense,25.200000000000003
2022-07-29,AdNonSense,16.8
2022-07-30,AdNonSense,18.9
2022-07-31,AdNonSense,15.75
2022-08-01,AdNonSense,16.8
2022-08-02,AdNonSense,26.25
2022-08-03,AdNonSense,26.25
2022-08-04,AdNonSense,21.0
2022-08-05,AdNonSense,14.7
2022-08-06,AdNonSense,18.9
2022-08-07,AdNonSense,17.85
2022-08-08,AdNonSense,8.4
2022-08-09,AdNonSense,19.95
2022-08-10,AdNonSense,16.8
2022-08-11,AdNonSense,19.95
2022-08-12,AdNonSense,21.0
2022-08-13,AdNonSense,18.9
2022-08-14,AdNonSense,17.85
2022-08-15,AdNonSense,16.8
2022-08-16,AdNonSense,15.75
2022-08-17,AdNonSense,14.7
2022-08-18,AdNonSense,12.6
2022-08-19,AdNonSense,21.0
2022-08-20,AdNonSense,25.200000000000003
2022-08-21,AdNonSense,17.85
2022-08-22,AdNonSense,16.8
2022-08-23,AdNonSense,19.95
2022-08-24,AdNonSense,23.1
2022-08-25,AdNonSense,18.9
2022-08-26,AdNonSense,17.85
2022-08-27,AdNonSense,14.7
2022-08-28,AdNonSense,24.15
2022-08-29,AdNonSense,13.65
2022-08-30,AdNonSense,22.05
2022-08-31,AdNonSense,19.95
2022-09-01,AdNonSense,21.0
2022-09-02,AdNonSense,16.8
2022-09-03,AdNonSense,7.35
2022-09-04,AdNonSense,12.6
2022-09-05,AdNonSense,13.65
2022-09-06,AdNonSense,18.9
2022-09-07,AdNonSense,17.85
2022-09-08,AdNonSense,13.65
2022-09-09,AdNonSense,23.1
2022-09-10,AdNonSense,9.45
2022-09-11,AdNonSense,9.45
2022-09-12,AdNonSense,18.9
2022-09-13,AdNonSense,14.7
2022-09-14,AdNonSense,11.55
2022-09-15,AdNonSense,13.65
2022-09-16,AdNonSense,19.95
2022-09-17,AdNonSense,11.55
2022-09-18,AdNonSense,18.9
2022-09-19,AdNonSense,14.7
2022-09-20,AdNonSense,18.9
2022-09-21,AdNonSense,27.3
2022-09-22,AdNonSense,28.35
2022-09-23,AdNonSense,19.95
2022-09-24,AdNonSense,31.5
2022-09-25,AdNonSense,22.05
2022-09-26,AdNonSense,34.65
2022-09-27,AdNonSense,25.200000000000003
2022-09-28,AdNonSense,23.1
2022-09-29,AdNonSense,35.7
2022-09-30,AdNonSense,27.3
2022-10-01,AdNonSense,16.8
2022-10-02,AdNonSense,17.85
2022-10-03,AdNonSense,29.4
2022-10-04,AdNonSense,22.05
2022-10-05,AdNonSense,12.6
2022-10-06,AdNonSense,29.4
2022-10-07,AdNonSense,17.85
2022-10-08,AdNonSense,21.0
2022-10-09,AdNonSense,22.05
2022-10-10,AdNonSense,17.85
2022-10-11,AdNonSense,21.0
2022-10-12,AdNonSense,21.0
2022-10-13,AdNonSense,15.75
2022-10-14,AdNonSense,17.85
2022-10-15,AdNonSense,15.75
2022-10-16,AdNonSense,12.6
2022-10-17,AdNonSense,9.45
2022-10-18,AdNonSense,22.05
2022-10-19,AdNonSense,15.75
2022-10-20,AdNonSense,25.200000000000003
2022-10-21,AdNonSense,11.55
2022-10-22,AdNonSense,23.1
2022-10-23,AdNonSense,15.75
2022-10-24,AdNonSense,21.0
2022-10-25,AdNonSense,26.25
2022-10-26,AdNonSense,21.0
2022-10-27,AdNonSense,35.7
2022-05-01,LeapBob,2.52
2022-05-02,LeapBob,2.94
2022-05-03,LeapBob,2.73
2022-05-04,LeapBob,3.99
2022-05-05,LeapBob,4.62
2022-05-06,LeapBob,4.62
2022-05-07,LeapBob,4.2
2022-05-08,LeapBob,3.99
2022-05-09,LeapBob,3.78
2022-05-10,LeapBob,3.36
2022-05-11,LeapBob,7.56
2022-05-12,LeapBob,4.2
2022-05-13,LeapBob,2.94
2022-05-14,LeapBob,4.2
2022-05-15,LeapBob,3.57
2022-05-16,LeapBob,3.36
2022-05-17,LeapBob,4.41
2022-05-18,LeapBob,4.62
2022-05-19,LeapBob,3.57
2022-05-20,LeapBob,3.57
2022-05-21,LeapBob,5.67
2022-05-22,LeapBob,3.78
2022-05-23,LeapBob,3.36
2022-05-24,LeapBob,3.15
2022-05-25,LeapBob,3.78
2022-05-26,LeapBob,3.36
2022-05-27,LeapBob,4.41
2022-05-28,LeapBob,3.36
2022-05-29,LeapBob,9.03
2022-05-30,LeapBob,9.87
2022-05-31,LeapBob,11.76
2022-06-01,LeapBob,13.44
2022-06-02,LeapBob,13.65
2022-06-03,LeapBob,12.39
2022-06-04,LeapBob,8.4
2022-06-05,LeapBob,9.03
2022-06-06,LeapBob,10.29
2022-06-07,LeapBob,8.82
2022-06-08,LeapBob,10.29
2022-06-09,LeapBob,7.77
2022-06-10,LeapBob,9.24
2022-06-11,LeapBob,5.67
2022-06-12,LeapBob,5.88
2022-06-13,LeapBob,5.46
2022-06-14,LeapBob,7.14
2022-06-15,LeapBob,9.66
2022-06-16,LeapBob,9.24
2022-06-17,LeapBob,6.72
2022-06-18,LeapBob,6.51
2022-06-19,LeapBob,7.35
2022-06-20,LeapBob,11.76
2022-06-21,LeapBob,13.23
2022-06-22,LeapBob,10.5
2022-06-23,LeapBob,12.39
2022-06-24,LeapBob,13.65
2022-06-25,LeapBob,14.91
2022-06-26,LeapBob,10.29
2022-06-27,LeapBob,13.65
2022-06-28,LeapBob,14.07
2022-06-29,LeapBob,16.38
2022-06-30,LeapBob,16.8
2022-07-01,LeapBob,14.28
2022-07-02,LeapBob,10.71
2022-07-03,LeapBob,10.29
2022-07-04,LeapBob,13.86
2022-07-05,LeapBob,12.39
2022-07-06,LeapBob,16.38
2022-07-07,LeapBob,9.45
2022-07-08,LeapBob,11.13
2022-07-09,LeapBob,7.979999999999999
2022-07-10,LeapBob,7.77
2022-07-11,LeapBob,8.61
2022-07-12,LeapBob,9.24
2022-07-13,LeapBob,8.61
2022-07-14,LeapBob,9.24
2022-07-15,LeapBob,9.03
2022-07-16,LeapBob,6.51
2022-07-17,LeapBob,10.08
2022-07-18,LeapBob,7.56
2022-07-19,LeapBob,8.82
2022-07-20,LeapBob,6.72
2022-07-21,LeapBob,12.39
2022-07-22,LeapBob,10.71
2022-07-23,LeapBob,6.51
2022-07-24,LeapBob,7.56
2022-07-25,LeapBob,5.88
2022-07-26,LeapBob,11.76
2022-07-27,LeapBob,11.76
2022-07-28,LeapBob,13.02
2022-07-29,LeapBob,10.29
2022-07-30,LeapBob,13.86
2022-07-31,LeapBob,11.13
2022-08-01,LeapBob,12.39
2022-08-02,LeapBob,12.6
2022-08-03,LeapBob,10.92
2022-08-04,LeapBob,12.39
2022-08-05,LeapBob,10.71
2022-08-06,LeapBob,15.33
2022-08-07,LeapBob,11.13
2022-08-08,LeapBob,10.5
2022-08-09,LeapBob,10.92
2022-08-10,LeapBob,12.18
2022-08-11,LeapBob,16.8
2022-08-12,LeapBob,13.02
2022-08-13,LeapBob,9.24
2022-08-14,LeapBob,8.82
2022-08-15,LeapBob,10.08
2022-08-16,LeapBob,12.6
2022-08-17,LeapBob,11.97
2022-08-18,LeapBob,11.76
2022-08-19,LeapBob,9.45
2022-08-20,LeapBob,12.6
2022-08-21,LeapBob,13.44
2022-08-22,LeapBob,12.81
2022-08-23,LeapBob,11.34
2022-08-24,LeapBob,14.7
2022-08-25,LeapBob,16.169999999999998
2022-08-26,LeapBob,13.44
2022-08-27,LeapBob,9.03
2022-08-28,LeapBob,9.87
2022-08-29,LeapBob,10.5
2022-08-30,LeapBob,10.92
2022-08-31,LeapBob,12.18
2022-09-01,LeapBob,11.97
2022-09-02,LeapBob,11.55
2022-09-03,LeapBob,8.4
2022-09-04,LeapBob,9.45
2022-09-05,LeapBob,7.77
2022-09-06,LeapBob,10.71
2022-09-07,LeapBob,9.45
2022-09-08,LeapBob,9.66
2022-09-09,LeapBob,8.4
2022-09-10,LeapBob,9.66
2022-09-11,LeapBob,9.24
2022-09-12,LeapBob,8.19
2022-09-13,LeapBob,9.03
2022-09-14,LeapBob,11.13
2022-09-15,LeapBob,8.19
2022-09-16,LeapBob,11.55
2022-09-17,LeapBob,9.03
2022-09-18,LeapBob,7.56
2022-09-19,LeapBob,14.07
2022-09-20,LeapBob,11.55
2022-09-21,LeapBob,11.55
2022-09-22,LeapBob,15.96
2022-09-23,LeapBob,13.86
2022-09-24,LeapBob,13.44
2022-09-25,LeapBob,14.7
2022-09-26,LeapBob,12.81
2022-09-27,LeapBob,13.44
2022-09-28,LeapBob,15.54
2022-09-29,LeapBob,17.43
2022-09-30,LeapBob,18.69
2022-10-01,LeapBob,12.81
2022-10-02,LeapBob,11.55
2022-10-03,LeapBob,14.07
2022-10-04,LeapBob,14.28
2022-10-05,LeapBob,15.96
2022-10-06,LeapBob,13.65
2022-10-07,LeapBob,9.24
2022-10-08,LeapBob,13.65
2022-10-09,LeapBob,11.13
2022-10-10,LeapBob,8.61
2022-10-11,LeapBob,11.97
2022-10-12,LeapBob,12.39
2022-10-13,LeapBob,11.97
2022-10-14,LeapBob,9.87
2022-10-15,LeapBob,7.14
2022-10-16,LeapBob,7.77
2022-10-17,LeapBob,9.03
2022-10-18,LeapBob,12.81
2022-10-19,LeapBob,11.55
2022-10-20,LeapBob,11.55
2022-10-21,LeapBob,7.56
2022-10-22,LeapBob,11.55
2022-10-23,LeapBob,10.71
2022-10-24,LeapBob,12.81
2022-10-25,LeapBob,14.7
2022-10-26,LeapBob,14.28
2022-10-27,LeapBob,12.81
2022-05-01,OppleCreativeMedia,4.25
2022-05-02,OppleCreativeMedia,4.25
2022-05-03,OppleCreativeMedia,5.75
2022-05-04,OppleCreativeMedia,4.25
2022-05-05,OppleCreativeMedia,5.5
2022-05-06,OppleCreativeMedia,5.0
2022-05-07,OppleCreativeMedia,5.75
2022-05-08,OppleCreativeMedia,4.25
2022-05-09,OppleCreativeMedia,4.25
2022-05-10,OppleCreativeMedia,5.75
2022-05-11,OppleCreativeMedia,6.0
2022-05-12,OppleCreativeMedia,3.5
2022-05-13,OppleCreativeMedia,2.75
2022-05-14,OppleCreativeMedia,4.25
2022-05-15,OppleCreativeMedia,4.5
2022-05-16,OppleCreativeMedia,3.0
2022-05-17,OppleCreativeMedia,4.25
2022-05-18,OppleCreativeMedia,5.25
2022-05-19,OppleCreativeMedia,3.5
2022-05-20,OppleCreativeMedia,4.75
2022-05-21,OppleCreativeMedia,4.0
2022-05-22,OppleCreativeMedia,6.25
2022-05-23,OppleCreativeMedia,5.0
2022-05-24,OppleCreativeMedia,5.75
2022-05-25,OppleCreativeMedia,3.75
2022-05-26,OppleCreativeMedia,4.75
2022-05-27,OppleCreativeMedia,5.0
2022-05-28,OppleCreativeMedia,5.75
2022-05-29,OppleCreativeMedia,14.0
2022-05-30,OppleCreativeMedia,11.5
2022-05-31,OppleCreativeMedia,13.25
2022-06-01,OppleCreativeMedia,15.75
2022-06-02,OppleCreativeMedia,16.5
2022-06-03,OppleCreativeMedia,13.25
2022-06-04,OppleCreativeMedia,9.0
2022-06-05,OppleCreativeMedia,13.25
2022-06-06,OppleCreativeMedia,10.0
2022-06-07,OppleCreativeMedia,11.25
2022-06-08,OppleCreativeMedia,11.5
2022-06-09,OppleCreativeMedia,11.25
2022-06-10,OppleCreativeMedia,8.5
2022-06-11,OppleCreativeMedia,10.25
2022-06-12,OppleCreativeMedia,8.0
2022-06-13,OppleCreativeMedia,9.75
2022-06-14,OppleCreativeMedia,9.0
2022-06-15,OppleCreativeMedia,14.0
2022-06-16,OppleCreativeMedia,12.0
2022-06-17,OppleCreativeMedia,9.75
2022-06-18,OppleCreativeMedia,11.5
2022-06-19,OppleCreativeMedia,8.5
2022-06-20,OppleCreativeMedia,9.75
2022-06-21,OppleCreativeMedia,13.25
2022-06-22,OppleCreativeMedia,14.5
2022-06-23,OppleCreativeMedia,12.5
2022-06-24,OppleCreativeMedia,15.75
2022-06-25,OppleCreativeMedia,12.25
2022-06-26,OppleCreativeMedia,12.25
2022-06-27,OppleCreativeMedia,10.25
2022-06-28,OppleCreativeMedia,18.5
2022-06-29,OppleCreativeMedia,18.0
2022-06-30,OppleCreativeMedia,20.0
2022-07-01,OppleCreativeMedia,16.0
2022-07-02,OppleCreativeMedia,14.75
2022-07-03,OppleCreativeMedia,12.5
2022-07-04,OppleCreativeMedia,11.5
2022-07-05,OppleCreativeMedia,14.75
2022-07-06,OppleCreativeMedia,17.0
2022-07-07,OppleCreativeMedia,16.0
2022-07-08,OppleCreativeMedia,15.0
2022-07-09,OppleCreativeMedia,10.5
2022-07-10,OppleCreativeMedia,9.0
2022-07-11,OppleCreativeMedia,9.0
2022-07-12,OppleCreativeMedia,9.25
2022-07-13,OppleCreativeMedia,14.25
2022-07-14,OppleCreativeMedia,14.0
2022-07-15,OppleCreativeMedia,9.75
2022-07-16,OppleCreativeMedia,5.75
2022-07-17,OppleCreativeMedia,9.5
2022-07-18,OppleCreativeMedia,11.0
2022-07-19,OppleCreativeMedia,10.25
2022-07-20,OppleCreativeMedia,11.25
2022-07-21,OppleCreativeMedia,10.5
2022-07-22,OppleCreativeMedia,8.25
2022-07-23,OppleCreativeMedia,9.75
2022-07-24,OppleCreativeMedia,11.75
2022-07-25,OppleCreativeMedia,10.0
2022-07-26,OppleCreativeMedia,12.75
2022-07-27,OppleCreativeMedia,12.75
2022-07-28,OppleCreativeMedia,15.5
2022-07-29,OppleCreativeMedia,9.75
2022-07-30,OppleCreativeMedia,10.75
2022-07-31,OppleCreativeMedia,13.75
2022-08-01,OppleCreativeMedia,12.25
2022-08-02,OppleCreativeMedia,12.25
2022-08-03,OppleCreativeMedia,18.0
2022-08-04,OppleCreativeMedia,14.0
2022-08-05,OppleCreativeMedia,13.0
2022-08-06,OppleCreativeMedia,13.5
2022-08-07,OppleCreativeMedia,13.25
2022-08-08,OppleCreativeMedia,16.5
2022-08-09,OppleCreativeMedia,13.0
2022-08-10,OppleCreativeMedia,18.0
2022-08-11,OppleCreativeMedia,16.75
2022-08-12,OppleCreativeMedia,15.5
2022-08-13,OppleCreativeMedia,12.0
2022-08-14,OppleCreativeMedia,13.75
2022-08-15,OppleCreativeMedia,11.75
2022-08-16,OppleCreativeMedia,12.5
2022-08-17,OppleCreativeMedia,17.75
2022-08-18,OppleCreativeMedia,15.25
2022-08-19,OppleCreativeMedia,12.0
2022-08-20,OppleCreativeMedia,13.75
2022-08-21,OppleCreativeMedia,11.25
2022-08-22,OppleCreativeMedia,15.5
2022-08-23,OppleCreativeMedia,15.0
2022-08-24,OppleCreativeMedia,17.75
2022-08-25,OppleCreativeMedia,18.5
2022-08-26,OppleCreativeMedia,14.0
2022-08-27,OppleCreativeMedia,12.5
2022-08-28,OppleCreativeMedia,12.75
2022-08-29,OppleCreativeMedia,12.5
2022-08-30,OppleCreativeMedia,11.25
2022-08-31,OppleCreativeMedia,13.5
2022-09-01,OppleCreativeMedia,16.25
2022-09-02,OppleCreativeMedia,12.0
2022-09-03,OppleCreativeMedia,8.0
2022-09-04,OppleCreativeMedia,8.75
2022-09-05,OppleCreativeMedia,8.75
2022-09-06,OppleCreativeMedia,10.5
2022-09-07,OppleCreativeMedia,14.5
2022-09-08,OppleCreativeMedia,10.25
2022-09-09,OppleCreativeMedia,13.0
2022-09-10,OppleCreativeMedia,9.75
2022-09-11,OppleCreativeMedia,10.0
2022-09-12,OppleCreativeMedia,10.5
2022-09-13,OppleCreativeMedia,12.75
2022-09-14,OppleCreativeMedia,11.75
2022-09-15,OppleCreativeMedia,10.25
2022-09-16,OppleCreativeMedia,13.25
2022-09-17,OppleCreativeMedia,11.0
2022-09-18,OppleCreativeMedia,13.0
2022-09-19,OppleCreativeMedia,17.5
2022-09-20,OppleCreativeMedia,18.75
2022-09-21,OppleCreativeMedia,14.25
2022-09-22,OppleCreativeMedia,18.0
2022-09-23,OppleCreativeMedia,18.5
2022-09-24,OppleCreativeMedia,16.5
2022-09-25,OppleCreativeMedia,16.5
2022-09-26,OppleCreativeMedia,19.0
2022-09-27,OppleCreativeMedia,19.0
2022-09-28,OppleCreativeMedia,21.25
2022-09-29,OppleCreativeMedia,21.5
2022-09-30,OppleCreativeMedia,22.75
2022-10-01,OppleCreativeMedia,16.75
2022-10-02,OppleCreativeMedia,15.25
2022-10-03,OppleCreativeMedia,16.75
2022-10-04,OppleCreativeMedia,16.5
2022-10-05,OppleCreativeMedia,15.75
2022-10-06,OppleCreativeMedia,19.25
2022-10-07,OppleCreativeMedia,11.75
2022-10-08,OppleCreativeMedia,13.75
2022-10-09,OppleCreativeMedia,12.25
2022-10-10,OppleCreativeMedia,10.25
2022-10-11,OppleCreativeMedia,13.5
2022-10-12,OppleCreativeMedia,14.25
2022-10-13,OppleCreativeMedia,12.5
2022-10-14,OppleCreativeMedia,10.0
2022-10-15,OppleCreativeMedia,13.0
2022-10-16,OppleCreativeMedia,10.25
2022-10-17,OppleCreativeMedia,9.25
2022-10-18,OppleCreativeMedia,14.0
2022-10-19,OppleCreativeMedia,15.75
2022-10-20,OppleCreativeMedia,15.75
2022-10-21,OppleCreativeMedia,14.0
2022-10-22,OppleCreativeMedia,13.25
2022-10-23,OppleCreativeMedia,13.25
2022-10-24,OppleCreativeMedia,12.5
2022-10-25,OppleCreativeMedia,16.5
2022-10-26,OppleCreativeMedia,14.25
2022-10-27,OppleCreativeMedia,17.75
2022-05-01,WahooNetBanner,10.8
2022-05-02,WahooNetBanner,7.199999999999999
2022-05-03,WahooNetBanner,8.4
2022-05-04,WahooNetBanner,10.8
2022-05-05,WahooNetBanner,12.0
2022-05-06,WahooNetBanner,19.2
2022-05-07,WahooNetBanner,8.4
2022-05-08,WahooNetBanner,7.8
2022-05-09,WahooNetBanner,11.4
2022-05-10,WahooNetBanner,14.4
2022-05-11,WahooNetBanner,15.6
2022-05-12,WahooNetBanner,15.6
2022-05-13,WahooNetBanner,12.6
2022-05-14,WahooNetBanner,13.8
2022-05-15,WahooNetBanner,9.6
2022-05-16,WahooNetBanner,13.8
2022-05-17,WahooNetBanner,15.0
2022-05-18,WahooNetBanner,10.2
2022-05-19,WahooNetBanner,15.0
2022-05-20,WahooNetBanner,12.0
2022-05-21,WahooNetBanner,10.8
2022-05-22,WahooNetBanner,9.0
2022-05-23,WahooNetBanner,7.199999999999999
2022-05-24,WahooNetBanner,12.6
2022-05-25,WahooNetBanner,15.0
2022-05-26,WahooNetBanner,12.6
2022-05-27,WahooNetBanner,9.0
2022-05-28,WahooNetBanner,10.8
2022-05-29,WahooNetBanner,28.2
2022-05-30,WahooNetBanner,25.2
2022-05-31,WahooNetBanner,34.8
2022-06-01,WahooNetBanner,33.6
2022-06-02,WahooNetBanner,37.8
2022-06-03,WahooNetBanner,28.8
2022-06-04,WahooNetBanner,22.2
2022-06-05,WahooNetBanner,28.8
2022-06-06,WahooNetBanner,29.4
2022-06-07,WahooNetBanner,26.4
2022-06-08,WahooNetBanner,27.6
2022-06-09,WahooNetBanner,33.6
2022-06-10,WahooNetBanner,28.2
2022-06-11,WahooNetBanner,24.6
2022-06-12,WahooNetBanner,12.0
2022-06-13,WahooNetBanner,19.8
2022-06-14,WahooNetBanner,22.2
2022-06-15,WahooNetBanner,25.8
2022-06-16,WahooNetBanner,33.6
2022-06-17,WahooNetBanner,23.4
2022-06-18,WahooNetBanner,25.2
2022-06-19,WahooNetBanner,19.8
2022-06-20,WahooNetBanner,25.8
2022-06-21,WahooNetBanner,31.2
2022-06-22,WahooNetBanner,41.4
2022-06-23,WahooNetBanner,34.8
2022-06-24,WahooNetBanner,37.8
2022-06-25,WahooNetBanner,37.2
2022-06-26,WahooNetBanner,34.8
2022-06-27,WahooNetBanner,38.4
2022-06-28,WahooNetBanner,39.0
2022-06-29,WahooNetBanner,48.6
2022-06-30,WahooNetBanner,49.2
2022-07-01,WahooNetBanner,43.2
2022-07-02,WahooNetBanner,33.0
2022-07-03,WahooNetBanner,37.8
2022-07-04,WahooNetBanner,34.8
2022-07-05,WahooNetBanner,34.8
2022-07-06,WahooNetBanner,33.0
2022-07-07,WahooNetBanner,40.2
2022-07-08,WahooNetBanner,28.2
2022-07-09,WahooNetBanner,27.6
2022-07-10,WahooNetBanner,21.0
2022-07-11,WahooNetBanner,26.4
2022-07-12,WahooNetBanner,19.2
2022-07-13,WahooNetBanner,31.2
2022-07-14,WahooNetBanner,20.4
2022-07-15,WahooNetBanner,24.6
2022-07-16,WahooNetBanner,23.4
2022-07-17,WahooNetBanner,19.8
2022-07-18,WahooNetBanner,21.0
2022-07-19,WahooNetBanner,22.8
2022-07-20,WahooNetBanner,21.6
2022-07-21,WahooNetBanner,26.4
2022-07-22,WahooNetBanner,24.6
2022-07-23,WahooNetBanner,20.4
2022-07-24,WahooNetBanner,19.8
2022-07-25,WahooNetBanner,25.8
2022-07-26,WahooNetBanner,38.4
2022-07-27,WahooNetBanner,24.0
2022-07-28,WahooNetBanner,29.4
2022-07-29,WahooNetBanner,24.0
2022-07-30,WahooNetBanner,31.2
2022-07-31,WahooNetBanner,23.4
2022-08-01,WahooNetBanner,25.8
2022-08-02,WahooNetBanner,32.4
2022-08-03,WahooNetBanner,33.0
2022-08-04,WahooNetBanner,34.8
2022-08-05,WahooNetBanner,30.0
2022-08-06,WahooNetBanner,35.4
2022-08-07,WahooNetBanner,28.2
2022-08-08,WahooNetBanner,29.4
2022-08-09,WahooNetBanner,30.0
2022-08-10,WahooNetBanner,43.2
2022-08-11,WahooNetBanner,35.4
2022-08-12,WahooNetBanner,40.8
2022-08-13,WahooNetBanner,34.8
2022-08-14,WahooNetBanner,26.4
2022-08-15,WahooNetBanner,25.8
2022-08-16,WahooNetBanner,31.8
2022-08-17,WahooNetBanner,35.4
2022-08-18,WahooNetBanner,43.2
2022-08-19,WahooNetBanner,38.4
2022-08-20,WahooNetBanner,28.2
2022-08-21,WahooNetBanner,27.6
2022-08-22,WahooNetBanner,36.0
2022-08-23,WahooNetBanner,34.8
2022-08-24,WahooNetBanner,42.6
2022-08-25,WahooNetBanner,37.2
2022-08-26,WahooNetBanner,34.2
2022-08-27,WahooNetBanner,29.4
2022-08-28,WahooNetBanner,33.6
2022-08-29,WahooNetBanner,35.4
2022-08-30,WahooNetBanner,35.4
2022-08-31,WahooNetBanner,31.8
2022-09-01,WahooNetBanner,36.0
2022-09-02,WahooNetBanner,25.8
2022-09-03,WahooNetBanner,21.6
2022-09-04,WahooNetBanner,20.4
2022-09-05,WahooNetBanner,22.2
2022-09-06,WahooNetBanner,30.6
2022-09-07,WahooNetBanner,28.2
2022-09-08,WahooNetBanner,25.8
2022-09-09,WahooNetBanner,22.8
2022-09-10,WahooNetBanner,28.8
2022-09-11,WahooNetBanner,26.4
2022-09-12,WahooNetBanner,22.2
2022-09-13,WahooNetBanner,26.4
2022-09-14,WahooNetBanner,27.6
2022-09-15,WahooNetBanner,38.4
2022-09-16,WahooNetBanner,34.2
2022-09-17,WahooNetBanner,24.0
2022-09-18,WahooNetBanner,19.2
2022-09-19,WahooNetBanner,31.2
2022-09-20,WahooNetBanner,40.2
2022-09-21,WahooNetBanner,40.8
2022-09-22,WahooNetBanner,36.6
2022-09-23,WahooNetBanner,42.0
2022-09-24,WahooNetBanner,34.2
2022-09-25,WahooNetBanner,38.4
2022-09-26,WahooNetBanner,36.0
2022-09-27,WahooNetBanner,46.8
2022-09-28,WahooNetBanner,52.2
2022-09-29,WahooNetBanner,53.4
2022-09-30,WahooNetBanner,45.0
2022-10-01,WahooNetBanner,45.6
2022-10-02,WahooNetBanner,40.2
2022-10-03,WahooNetBanner,43.8
2022-10-04,WahooNetBanner,41.4
2022-10-05,WahooNetBanner,44.4
2022-10-06,WahooNetBanner,48.6
2022-10-07,WahooNetBanner,34.8
2022-10-08,WahooNetBanner,31.8
2022-10-09,WahooNetBanner,26.4
2022-10-10,WahooNetBanner,27.0
2022-10-11,WahooNetBanner,30.0
2022-10-12,WahooNetBanner,28.2
2022-10-13,WahooNetBanner,30.6
2022-10-14,WahooNetBanner,30.6
2022-10-15,WahooNetBanner,24.0
2022-10-16,WahooNetBanner,28.2
2022-10-17,WahooNetBanner,28.2
2022-10-18,WahooNetBanner,39.6
2022-10-19,WahooNetBanner,31.8
2022-10-20,WahooNetBanner,33.6
2022-10-21,WahooNetBanner,37.2
2022-10-22,WahooNetBanner,22.2
2022-10-23,WahooNetBanner,31.8
2022-10-24,WahooNetBanner,42.0
2022-10-25,WahooNetBanner,37.2
2022-10-26,WahooNetBanner,40.8
2022-10-27,WahooNetBanner,42.0
2022-05-01,lambdaMediaAds,17.6
2022-05-02,lambdaMediaAds,16.8
2022-05-03,lambdaMediaAds,16.8
2022-05-04,lambdaMediaAds,17.6
2022-05-05,lambdaMediaAds,12.8
2022-05-06,lambdaMediaAds,14.4
2022-05-07,lambdaMediaAds,16.0
2022-05-08,lambdaMediaAds,11.2
2022-05-09,lambdaMediaAds,10.4
2022-05-10,lambdaMediaAds,20.0
2022-05-11,lambdaMediaAds,16.8
2022-05-12,lambdaMediaAds,14.4
2022-05-13,lambdaMediaAds,10.4
2022-05-14,lambdaMediaAds,15.2
2022-05-15,lambdaMediaAds,11.2
2022-05-16,lambdaMediaAds,9.6
2022-05-17,lambdaMediaAds,11.2
2022-05-18,lambdaMediaAds,16.0
2022-05-19,lambdaMediaAds,16.8
2022-05-20,lambdaMediaAds,14.4
2022-05-21,lambdaMediaAds,18.4
2022-05-22,lambdaMediaAds,15.2
2022-05-23,lambdaMediaAds,16.8
2022-05-24,lambdaMediaAds,16.0
2022-05-25,lambdaMediaAds,21.6
2022-05-26,lambdaMediaAds,16.8
2022-05-27,lambdaMediaAds,16.0
2022-05-28,lambdaMediaAds,19.200000000000003
2022-05-29,lambdaMediaAds,9.6
2022-05-30,lambdaMediaAds,8.8
2022-05-31,lambdaMediaAds,10.4
2022-06-01,lambdaMediaAds,10.4
2022-06-02,lambdaMediaAds,8.8
2022-06-03,lambdaMediaAds,7.2
2022-06-04,lambdaMediaAds,5.6000000000000005
2022-06-05,lambdaMediaAds,5.6000000000000005
2022-06-06,lambdaMediaAds,0.8
2022-06-07,lambdaMediaAds,4.800000000000001
2022-06-08,lambdaMediaAds,4.800000000000001
2022-06-09,lambdaMediaAds,6.4
2022-06-10,lambdaMediaAds,9.6
2022-06-11,lambdaMediaAds,4.800000000000001
2022-06-12,lambdaMediaAds,5.6000000000000005
2022-06-13,lambdaMediaAds,4.0
2022-06-14,lambdaMediaAds,7.2
2022-06-15,lambdaMediaAds,6.4
2022-06-16,lambdaMediaAds,8.0
2022-06-17,lambdaMediaAds,4.0
2022-06-18,lambdaMediaAds,4.0
2022-06-19,lambdaMediaAds,3.2
2022-06-20,lambdaMediaAds,7.2
2022-06-21,lambdaMediaAds,4.800000000000001
2022-06-22,lambdaMediaAds,8.8
2022-06-23,lambdaMediaAds,8.0
2022-06-24,lambdaMediaAds,9.6
2022-06-25,lambdaMediaAds,11.2
2022-06-26,lambdaMediaAds,4.800000000000001
2022-06-27,lambdaMediaAds,5.6000000000000005
2022-06-28,lambdaMediaAds,8.8
2022-06-29,lambdaMediaAds,11.2
2022-06-30,lambdaMediaAds,8.0
2022-07-01,lambdaMediaAds,8.0
2022-07-02,lambdaMediaAds,8.0
2022-07-03,lambdaMediaAds,7.2
2022-07-04,lambdaMediaAds,8.0
2022-07-05,lambdaMediaAds,9.6
2022-07-06,lambdaMediaAds,12.0
2022-07-07,lambdaMediaAds,7.2
2022-07-08,lambdaMediaAds,4.800000000000001
2022-07-09,lambdaMediaAds,6.4
2022-07-10,lambdaMediaAds,8.8
2022-07-11,lambdaMediaAds,4.800000000000001
2022-07-12,lambdaMediaAds,4.0
2022-07-13,lambdaMediaAds,6.4
2022-07-14,lambdaMediaAds,9.6
2022-07-15,lambdaMediaAds,6.4
2022-07-16,lambdaMediaAds,3.2
2022-07-17,lambdaMediaAds,4.0
2022-07-18,lambdaMediaAds,5.6000000000000005
2022-07-19,lambdaMediaAds,7.2
2022-07-20,lambdaMediaAds,4.800000000000001
2022-07-21,lambdaMediaAds,10.4
2022-07-22,lambdaMediaAds,4.800000000000001
2022-07-23,lambdaMediaAds,8.0
2022-07-24,lambdaMediaAds,6.4
2022-07-25,lambdaMediaAds,6.4
2022-07-26,lambdaMediaAds,8.0
2022-07-27,lambdaMediaAds,6.4
2022-07-28,lambdaMediaAds,9.6
2022-07-29,lambdaMediaAds,7.2
2022-07-30,lambdaMediaAds,9.6
2022-07-31,lambdaMediaAds,6.4
2022-08-01,lambdaMediaAds,7.2
2022-08-02,lambdaMediaAds,6.4
2022-08-03,lambdaMediaAds,8.0
2022-08-04,lambdaMediaAds,7.2
2022-08-05,lambdaMediaAds,4.0
2022-08-06,lambdaMediaAds,5.6000000000000005
2022-08-07,lambdaMediaAds,4.800000000000001
2022-08-08,lambdaMediaAds,4.0
2022-08-09,lambdaMediaAds,9.6
2022-08-10,lambdaMediaAds,7.2
2022-08-11,lambdaMediaAds,6.4
2022-08-12,lambdaMediaAds,6.4
2022-08-13,lambdaMediaAds,6.4
2022-08-14,lambdaMediaAds,1.6
2022-08-15,lambdaMediaAds,7.2
2022-08-16,lambdaMediaAds,8.8
2022-08-17,lambdaMediaAds,7.2
2022-08-18,lambdaMediaAds,8.8
2022-08-19,lambdaMediaAds,6.4
2022-08-20,lambdaMediaAds,9.6
2022-08-21,lambdaMediaAds,17.6
2022-08-22,lambdaMediaAds,6.4
2022-08-23,lambdaMediaAds,4.800000000000001
2022-08-24,lambdaMediaAds,3.2
2022-08-25,lambdaMediaAds,9.6
2022-08-26,lambdaMediaAds,4.800000000000001
2022-08-27,lambdaMediaAds,10.4
2022-08-28,lambdaMediaAds,5.6000000000000005
2022-08-29,lambdaMediaAds,5.6000000000000005
2022-08-30,lambdaMediaAds,9.6
2022-08-31,lambdaMediaAds,9.6
2022-09-01,lambdaMediaAds,8.8
2022-09-02,lambdaMediaAds,10.4
2022-09-03,lambdaMediaAds,5.6000000000000005
2022-09-04,lambdaMediaAds,4.0
2022-09-05,lambdaMediaAds,5.6000000000000005
2022-09-06,lambdaMediaAds,6.4
2022-09-07,lambdaMediaAds,8.8
2022-09-08,lambdaMediaAds,11.2
2022-09-09,lambdaMediaAds,7.2
2022-09-10,lambdaMediaAds,4.0
2022-09-11,lambdaMediaAds,5.6000000000000005
2022-09-12,lambdaMediaAds,4.800000000000001
2022-09-13,lambdaMediaAds,6.4
2022-09-14,lambdaMediaAds,6.4
2022-09-15,lambdaMediaAds,7.2
2022-09-16,lambdaMediaAds,6.4
2022-09-17,lambdaMediaAds,5.6000000000000005
2022-09-18,lambdaMediaAds,5.6000000000000005
2022-09-19,lambdaMediaAds,6.4
2022-09-20,lambdaMediaAds,9.6
2022-09-21,lambdaMediaAds,17.6
2022-09-22,lambdaMediaAds,6.4
2022-09-23,lambdaMediaAds,12.8
2022-09-24,lambdaMediaAds,11.2
2022-09-25,lambdaMediaAds,7.2
2022-09-26,lambdaMediaAds,6.4
2022-09-27,lambdaMediaAds,14.4
2022-09-28,lambdaMediaAds,16.8
2022-09-29,lambdaMediaAds,11.2
2022-09-30,lambdaMediaAds,7.2
2022-10-01,lambdaMediaAds,6.4
2022-10-02,lambdaMediaAds,5.6000000000000005
2022-10-03,lambdaMediaAds,6.4
2022-10-04,lambdaMediaAds,12.8
2022-10-05,lambdaMediaAds,12.0
2022-10-06,lambdaMediaAds,8.8
2022-10-07,lambdaMediaAds,13.6
2022-10-08,lambdaMediaAds,11.2
2022-10-09,lambdaMediaAds,5.6000000000000005
2022-10-10,lambdaMediaAds,4.0
2022-10-11,lambdaMediaAds,4.0
2022-10-12,lambdaMediaAds,8.8
2022-10-13,lambdaMediaAds,13.6
2022-10-14,lambdaMediaAds,5.6000000000000005
2022-10-15,lambdaMediaAds,8.8
2022-10-16,lambdaMediaAds,8.0
2022-10-17,lambdaMediaAds,2.4000000000000004
2022-10-18,lambdaMediaAds,8.0
2022-10-19,lambdaMediaAds,5.6000000000000005
2022-10-20,lambdaMediaAds,8.8
2022-10-21,lambdaMediaAds,7.2
2022-10-22,lambdaMediaAds,6.4
2022-10-23,lambdaMediaAds,4.0
2022-10-24,lambdaMediaAds,6.4
2022-10-25,lambdaMediaAds,8.8
2022-10-26,lambdaMediaAds,8.8
2022-10-27,lambdaMediaAds,12.0
